1,Noah,18206,Sophia,21171
2,Liam,18111,Emma,20905
3,Jacob,18110,Olivia,18397
4,Mason,17668,Isabella,17599
5,William,16595,Ava,15225
6,Ethan,16216,Mia,13127
7,Michael,15453,Emily,13107
8,Alexander,14871,Abigail,12387
9,Jayden,14729,Madison,10575
10,Daniel,14251,Elizabeth,9431
11,Elijah,13743,Charlotte,9285
12,Aiden,13591,Avery,9167
13,James,13527,Sofia,9148
14,Benjamin,13460,Chloe,8762
15,Matthew,13304,Ella,8428
16,Jackson,12568,Harper,8275
17,Logan,12336,Amelia,8023
18,David,12334,Aubrey,7950
19,Anthony,12234,Addison,7718
20,Joseph,12195,Evelyn,7653
21,Joshua,11784,Natalie,7465
22,Andrew,11638,Grace,7354
23,Lucas,11525,Hannah,7284
24,Gabriel,11202,Zoey,7224
25,Samuel,11088,Victoria,7190
26,Christopher,10829,Lillian,7062
27,John,10687,Lily,6976
28,Dylan,10097,Brooklyn,6875
29,Isaac,10090,Samantha,6494
30,Ryan,9859,Layla,6467
31,Nathan,9690,Zoe,5967
32,Caleb,9570,Leah,5597
33,Carter,9560,Audrey,5588
34,Luke,9558,Allison,5431
35,Christian,9305,Anna,5363
36,Hunter,8942,Savannah,5234
37,Henry,8858,Aaliyah,5217
38,Owen,8748,Gabriella,5204
39,Landon,8727,Camila,5141
40,Jack,8564,Aria,5107
41,Wyatt,8538,Kaylee,5105
42,Jonathan,8524,Scarlett,5048
43,Eli,7921,Hailey,5008
44,Isaiah,7838,Arianna,4987
45,Sebastian,7538,Riley,4925
46,Jaxon,7534,Alexis,4769
47,Julian,7504,Nevaeh,4751
48,Brayden,7422,Sarah,4686
49,Gavin,7413,Claire,4656
50,Levi,7403,Sadie,4644
51,Aaron,7289,Peyton,4556
52,Oliver,7254,Aubree,4438
53,Jordan,7179,Serenity,4429
54,Nicholas,7126,Ariana,4403
55,Evan,7103,Genesis,4292
56,Connor,7099,Penelope,4280
57,Charles,7000,Alyssa,4192
58,Jeremiah,6933,Bella,4166
59,Cameron,6841,Taylor,4131
60,Adrian,6830,Alexa,4095
61,Thomas,6765,Kylie,4019
62,Robert,6690,Mackenzie,4012
63,Tyler,6632,Caroline,3973
64,Austin,6474,Kennedy,3949
65,Colton,6470,Autumn,3945
66,Jace,6375,Lucy,3943
67,Angel,6353,Ashley,3936
68,Dominic,6306,Madelyn,3927
69,Josiah,6286,Violet,3924
70,Brandon,6210,Stella,3904
71,Ayden,6060,Brianna,3889
72,Kevin,5924,Maya,3814
73,Zachary,5738,Skylar,3780
74,Parker,5659,Ellie,3757
75,Blake,5634,Julia,3743
76,Jose,5619,Sophie,3740
77,Grayson,5546,Katherine,3711
78,Chase,5527,Mila,3676
79,Jason,5492,Khloe,3666
80,Ian,5411,Paisley,3598
81,Bentley,5365,Annabelle,3543
82,Adam,5232,Nora,3505
83,Xavier,4962,Alexandra,3503
84,Cooper,4880,Melanie,3465
85,Justin,4857,London,3448
86,Nolan,4739,Naomi,3435
87,Hudson,4660,Gianna,3434
88,Easton,4639,Eva,3423
89,Jase,4549,Faith,3392
90,Carson,4524,Madeline,3368
91,Nathaniel,4512,Lauren,3341
92,Jaxson,4447,Nicole,3341
93,Kayden,4415,Ruby,3304
94,Brody,4323,Makayla,3278
95,Lincoln,4029,Kayla,3252
96,Tristan,4000,Lydia,3246
97,Luis,3997,Piper,3179
98,Damian,3961,Sydney,3170
99,Camden,3887,Jocelyn,3144
100,Juan,3877,Morgan,3110
101,Vincent,3845,Kimberly,3094
102,Bryson,3800,Molly,3076
103,Ryder,3768,Jasmine,3047
104,Asher,3703,Reagan,3034
105,Micah,3674,Bailey,3008
106,Carlos,3671,Eleanor,3005
107,Jesus,3665,Alice,2932
108,Maxwell,3632,Trinity,2909
109,Mateo,3580,Rylee,2894
110,Alex,3539,Hadley,2825
111,Max,3513,Andrea,2813
112,Leo,3503,Maria,2807
113,Elias,3490,Brooke,2749
114,Cole,3448,Isabelle,2748
115,Miles,3413,Mariah,2744
116,Silas,3397,Mya,2688
117,Bryce,3347,Brielle,2686
118,Eric,3252,Quinn,2646
119,Brantley,3186,Vivian,2644
120,Sawyer,3159,Mary,2639
121,Declan,3109,Natalia,2627
122,Kaiden,3095,Liliana,2610
123,Braxton,3093,Payton,2609
124,Timothy,3038,Lilly,2604
125,Colin,3037,Eliana,2603
126,Santiago,3026,Cora,2583
127,Antonio,3016,Jade,2578
128,Giovanni,2978,Paige,2573
129,Hayden,2958,Valentina,2558
130,Diego,2917,Kendall,2511
131,Leonardo,2905,Clara,2504
132,Jonah,2889,Elena,2386
133,Bryan,2885,Jordyn,2379
134,Miguel,2883,Kaitlyn,2372
135,Roman,2875,Delilah,2338
136,Steven,2869,Isabel,2332
137,Kaleb,2857,Rachel,2303
138,Ivan,2855,Destiny,2295
139,Wesley,2833,Amy,2231
140,Richard,2788,Mckenzie,2209
141,Jaden,2779,Gabrielle,2208
142,Ezra,2739,Brooklynn,2152
143,Victor,2723,Katelyn,2143
144,Joel,2720,Laila,2137
145,Edward,2698,Ariel,2127
146,Aidan,2661,Aurora,2123
147,Jayce,2655,Angelina,2109
148,Preston,2650,Aliyah,2104
149,Greyson,2643,Juliana,2095
150,Brian,2638,Ivy,2092
151,Kaden,2623,Adriana,2089
152,Ashton,2609,Vanessa,2088
153,Alan,2603,Sara,2081
154,Patrick,2589,Lyla,2078
155,Kyle,2577,Willow,2071
156,Jesse,2550,Reese,2060
157,Riley,2549,Hazel,2051
158,George,2543,Eden,2040
159,Jeremy,2520,Elise,2015
160,Marcus,2518,Josephine,2009
161,Jude,2509,Kinsley,1973
162,Harrison,2506,Ximena,1957
163,Weston,2482,Jessica,1946
164,Ryker,2478,Londyn,1944
165,Alejandro,2465,Gracie,1939
166,Jake,2442,Makenzie,1933
167,Axel,2425,Isla,1910
168,Theodore,2423,Michelle,1886
169,Grant,2418,Valerie,1875
170,Maddox,2413,Catherine,1860
171,Emmanuel,2393,Kylee,1857
172,Cayden,2379,Melody,1852
173,Emmett,2356,Adalynn,1843
174,Brady,2328,Jayla,1832
175,Bradley,2315,Alexia,1822
176,Malachi,2311,Valeria,1815
177,Gael,2305,Rebecca,1791
178,Oscar,2240,Izabella,1779
179,Tucker,2238,Adalyn,1777
180,Abel,2233,Margaret,1769
181,Jameson,2226,Alana,1754
182,Abraham,2211,Alaina,1752
183,Caden,2207,Luna,1742
184,Mark,2198,Alivia,1740
185,Sean,2191,Kate,1737
186,Ezekiel,2179,Norah,1723
187,Kenneth,2169,Summer,1721
188,Gage,2146,Kendra,1720
189,Everett,2142,Ryleigh,1715
190,Nicolas,2125,Lila,1695
191,Kingston,2123,Julianna,1694
192,Zayden,2108,Jennifer,1688
193,King,2096,Hayden,1681
194,Bennett,2073,Emery,1671
195,Calvin,2059,Stephanie,1671
196,Avery,2045,Angela,1640
197,Tanner,2043,Fiona,1638
198,Paul,2030,Presley,1627
199,Kai,1976,Daisy,1625
200,Maximus,1924,Eliza,1618
201,Luca,1895,Harmony,1612
202,Rylan,1893,Melissa,1590
203,Graham,1883,Keira,1568
204,Omar,1880,Emilia,1561
205,Derek,1871,Giselle,1561
206,Peter,1849,Alexandria,1559
207,Jayceon,1844,Kinley,1559
208,Jorge,1842,Alayna,1558
209,Peyton,1842,Marley,1528
210,Devin,1837,Arabella,1524
211,Collin,1826,Emerson,1523
212,Andres,1794,Adelyn,1504
213,Jaiden,1758,Lola,1491
214,Cody,1748,Brynn,1483
215,Zane,1736,Leila,1467
216,Amir,1722,Mckenna,1466
217,Corbin,1704,Aniyah,1461
218,Francisco,1698,Genevieve,1459
219,Xander,1694,Allie,1457
220,Conner,1692,Athena,1451
221,Eduardo,1689,Gabriela,1441
222,Javier,1680,Daniela,1438
223,Jax,1677,Cecilia,1432
224,Myles,1631,Esther,1430
225,Griffin,1622,Rose,1423
226,Iker,1616,Callie,1417
227,Garrett,1613,Adrianna,1412
228,Damien,1609,Jenna,1411
229,Simon,1607,Haley,1404
230,Zander,1592,Leilani,1388
231,Seth,1590,Hope,1387
232,Travis,1579,Maggie,1380
233,Charlie,1559,Adeline,1375
234,Cristian,1532,Jaylah,1364
235,Trevor,1530,Amaya,1361
236,Zion,1520,Ana,1338
237,Lorenzo,1510,Maci,1336
238,Chance,1507,Juliet,1328
239,Dean,1507,Jacqueline,1325
240,Gunner,1505,Charlie,1323
241,Elliot,1502,Lucia,1323
242,Lukas,1488,Camille,1322
243,Cash,1478,Tessa,1318
244,Elliott,1475,Katie,1312
245,Israel,1468,Miranda,1296
246,Manuel,1466,Lexi,1290
247,Jasper,1460,Jada,1288
248,Spencer,1455,Makenna,1288
249,Keegan,1454,Delaney,1276
250,Josue,1452,Cassidy,1271
251,Finn,1451,Georgia,1262
252,Stephen,1446,Alina,1261
253,Fernando,1427,Iris,1248
254,Ricardo,1427,Megan,1243
255,Mario,1417,Anastasia,1238
256,Jeffrey,1402,Ashlyn,1235
257,Shane,1392,Danielle,1234
258,Clayton,1380,Kenzie,1234
259,Reid,1371,Shelby,1234
260,Erick,1359,Paris,1233
261,Cesar,1353,Jordan,1232
262,Paxton,1348,Lilliana,1223
263,Judah,1342,Sienna,1223
264,Martin,1341,Teagan,1218
265,Raymond,1335,Angel,1217
266,Trenton,1327,Josie,1216
267,Johnny,1321,Parker,1201
268,Andre,1313,Mikayla,1195
269,Tyson,1313,Brynlee,1183
270,Beau,1297,Kathryn,1177
271,Maverick,1296,Chelsea,1174
272,Landen,1293,Diana,1174
273,Caiden,1291,Annabella,1166
274,Dominick,1283,Erin,1165
275,Troy,1281,Kaydence,1164
276,Kyler,1259,Lyric,1162
277,Hector,1255,Madeleine,1142
278,Cruz,1245,Arya,1137
279,Johnathan,1244,Kayleigh,1130
280,Beckett,1243,Vivienne,1129
281,Donovan,1233,Sabrina,1126
282,Edwin,1233,Cali,1122
283,Kameron,1219,Raelynn,1116
284,Drake,1216,Leslie,1111
285,Marco,1212,Amber,1110
286,Edgar,1208,Nina,1110
287,Rafael,1207,Kyleigh,1106
288,Holden,1205,Ayla,1103
289,Dante,1200,Miriam,1099
290,Jaylen,1198,Daniella,1097
291,Waylon,1198,Olive,1095
292,Emiliano,1195,Finley,1093
293,Rowan,1194,Elliana,1079
294,Alexis,1189,Noelle,1079
295,Andy,1186,Dakota,1078
296,Felix,1179,Juliette,1077
297,Gregory,1176,Alison,1066
298,Drew,1175,Evangeline,1065
299,Emilio,1174,Alessandra,1064
300,Karter,1174,Amanda,1064
301,Brooks,1161,Phoebe,1059
302,Dallas,1159,Christina,1056
303,Anderson,1151,Bianca,1053
304,Jared,1146,Yaretzi,1047
305,Lane,1146,Kelsey,1046
306,Skyler,1116,Lilah,1046
307,Angelo,1112,Raegan,1043
308,Shawn,1109,Fatima,1037
309,Aden,1104,Elaina,1035
310,Erik,1102,Kiara,1035
311,Milo,1096,Cadence,1030
312,Fabian,1095,Addyson,1028
313,Dalton,1094,Nyla,1026
314,Sergio,1090,Ashlynn,1022
315,Louis,1066,Giuliana,1022
316,Titus,1063,Gemma,1020
317,Braylon,1045,Alicia,1018
318,Kendrick,1044,Alondra,1018
319,August,1040,Kyla,1018
320,Dawson,1029,Laura,1017
321,Emanuel,1028,Adelaide,1016
322,Reed,1028,Carly,1016
323,Arthur,1026,Allyson,1007
324,Jett,1013,Charlee,994
325,Leon,1013,Nadia,994
326,Brendan,1005,Heaven,989
327,Frank,1005,Mallory,987
328,Marshall,989,Ruth,982
329,Emerson,979,Tatum,982
330,Desmond,978,Cheyenne,979
331,Karson,976,Lena,977
332,Colt,974,Ainsley,970
333,Derrick,974,Amiyah,968
334,Messiah,973,Malia,958
335,Zaiden,960,Veronica,957
336,Braden,959,Eloise,953
337,Amari,954,Journey,953
338,Roberto,952,Myla,949
339,Romeo,951,Haylee,948
340,Joaquin,950,Mariana,947
341,Malik,940,Madilyn,945
342,Walter,936,Joanna,944
343,Brennan,926,Jillian,943
344,Knox,926,Sierra,937
345,Nehemiah,925,Selena,936
346,Pedro,924,Baylee,935
347,Julius,920,Briella,931
348,Grady,917,Rosalie,930
349,Allen,914,Gia,929
350,Ali,901,Briana,913
351,Archer,898,Talia,907
352,Dakota,898,Abby,903
353,Kamden,896,Heidi,899
354,Maximiliano,891,Jane,898
355,Ruben,887,Annie,897
356,Quinn,882,Maddison,894
357,Tate,878,Kira,892
358,Barrett,877,Carmen,877
359,Corey,875,Harley,875
360,Marcos,869,Lucille,874
361,Remington,869,Macy,872
362,Adan,868,Skyler,869
363,Braylen,867,Kali,868
364,Phillip,863,June,867
365,Kason,854,Elsie,857
366,Major,850,Arielle,851
367,Kellan,842,Kamila,851
368,Gideon,841,Adelynn,847
369,Cohen,840,Kelly,847
370,Walker,835,Haven,844
371,River,829,Scarlet,844
372,Taylor,822,Rylie,843
373,Brycen,810,Marilyn,835
374,Jayson,809,Kara,831
375,Abram,806,Aubrie,830
376,Cade,805,Kamryn,829
377,Matteo,796,Hanna,816
378,Dillon,795,Marissa,816
379,Damon,791,Everly,815
380,Kolton,787,Averie,812
381,Dexter,782,Jayda,810
382,Phoenix,782,Jazmine,810
383,Noel,775,Lia,807
384,Porter,774,Jazmin,806
385,Brock,773,Camryn,805
386,Leland,768,Karina,800
387,Philip,766,Bethany,798
388,Enrique,763,Miley,797
389,Ty,763,Maliyah,795
390,Jay,760,Mckinley,790
391,Danny,759,Jayleen,789
392,Esteban,758,Macie,787
393,Keith,757,Esmeralda,785
394,Kellen,757,Catalina,776
395,Gerardo,756,Janelle,776
396,Orion,756,Aleah,775
397,Armando,755,Daphne,774
398,Gunnar,755,Nayeli,772
399,Zachariah,749,Camilla,767
400,Colby,743,Kyra,764
401,Ismael,742,Madelynn,763
402,Ronald,740,Julie,762
403,Pablo,738,Addisyn,761
404,Atticus,733,Aylin,757
405,Trey,729,Sloane,755
406,Quentin,728,Caitlyn,753
407,Ryland,726,Elle,747
408,Kash,722,Gracelyn,746
409,Raul,720,Michaela,741
410,Darius,717,Serena,741
411,Enzo,717,Helen,738
412,Julio,715,Nylah,733
413,Rodrigo,710,Angelica,732
414,Kade,709,Lana,732
415,Landyn,709,Raelyn,731
416,Jakob,708,Karen,729
417,Bruce,705,Bristol,726
418,Donald,705,Emely,725
419,Ari,702,Alejandra,723
420,Keaton,700,Sarai,723
421,Solomon,700,Vera,720
422,Albert,695,Brittany,718
423,Muhammad,694,April,716
424,Rocco,692,Francesca,716
425,Rhett,688,Rowan,713
426,Cason,686,Skye,713
427,Jaime,685,Logan,707
428,Scott,680,Miracle,707
429,Maximilian,676,Kassidy,705
430,Chandler,674,Sasha,705
431,Mathew,670,Ariella,704
432,Ronan,667,Carolina,704
433,Russell,667,Justice,703
434,Dustin,664,Ada,702
435,Tony,662,Tiffany,702
436,Cyrus,659,Itzel,700
437,Jensen,659,Brylee,698
438,Hugo,655,Jazlyn,694
439,Saul,655,Julissa,694
440,Deacon,654,Dahlia,693
441,Trent,653,Kaelyn,692
442,Colten,647,Savanna,692
443,Davis,647,Jayden,691
444,Malcolm,646,Viviana,689
445,Mohamed,645,Anya,688
446,Devon,641,Kennedi,688
447,Izaiah,641,Cataleya,686
448,Randy,639,Sawyer,686
449,Jerry,634,Kaylie,683
450,Ibrahim,631,Blakely,682
451,Prince,630,Holly,682
452,Tristen,626,Jimena,669
453,Alec,623,Kailey,669
454,Dennis,622,Melany,669
455,Chris,620,Annalise,665
456,Mitchell,615,Emmalyn,665
457,Clark,614,Guadalupe,664
458,Finnegan,610,Sage,664
459,Jamison,610,Amira,662
460,Rory,610,Anabelle,662
461,Gustavo,609,Madisyn,662
462,Pierce,607,Cassandra,661
463,Leonel,606,Kaylin,660
464,Khalil,600,Crystal,658
465,Nash,599,Elisa,656
466,Moses,597,Lacey,654
467,Kasen,596,Rebekah,654
468,Darren,592,Caitlin,652
469,Issac,590,Celeste,652
470,Adriel,585,Danna,650
471,Braydon,585,Gwendolyn,649
472,Justice,585,Marlee,648
473,Curtis,584,Joselyn,647
474,Jaxton,584,Karla,646
475,Lawrence,584,Joy,644
476,Alberto,583,Audrina,639
477,Warren,581,Janiyah,639
478,Zayne,581,Anaya,638
479,Larry,580,Malaysia,633
480,Yahir,572,Annabel,629
481,Jimmy,571,Priscilla,629
482,Uriel,571,Kadence,628
483,Finley,570,Zara,628
484,Jacoby,568,Maeve,625
485,Jonas,567,Imani,623
486,Nico,566,Phoenix,617
487,Armani,561,Katelynn,616
488,Thiago,561,Aspen,615
489,Tobias,561,Eve,612
490,Rhys,560,Dylan,611
491,Casey,556,Jamie,607
492,Frederick,554,Kailyn,606
493,Jaxen,553,Lexie,606
494,Franklin,549,Jaliyah,605
495,Kobe,549,Lilian,603
496,Marvin,549,Angie,602
497,Talon,548,Lauryn,602
498,Ricky,547,Braelyn,601
499,Ace,545,Cynthia,600
500,Alonzo,544,Lorelei,600
501,Jalen,544,Emersyn,597
502,Arjun,541,Alanna,595
503,Sullivan,540,Monica,595
504,Alfredo,539,Brinley,594
505,Francis,536,Sylvia,593
506,Moises,536,Nia,592
507,Case,530,Journee,591
508,Brayan,525,Breanna,588
509,Alijah,524,Aniya,587
510,Arturo,523,Fernanda,585
511,Lawson,522,Lillie,582
512,Mekhi,521,Amari,578
513,Raylan,521,Charley,578
514,Nikolas,519,Lilyana,575
515,Byron,515,Raven,575
516,Carmelo,513,Kaliyah,574
517,Nasir,513,Luciana,573
518,Royce,511,Anne,572
519,Ahmed,510,Emilee,571
520,Moshe,510,Gloria,571
521,Reece,509,Hallie,570
522,Mauricio,508,Bailee,569
523,Roy,507,Zariah,569
524,Sylas,507,Annika,567
525,Beckham,503,Zuri,566
526,Payton,503,Bridget,565
527,Gianni,501,Elsa,565
528,Maurice,501,Madilynn,565
529,Raiden,501,Nova,562
530,Ellis,500,Johanna,560
531,Korbin,499,Liberty,560
532,Kayson,498,Rosemary,559
533,Johan,496,Kiley,558
534,Aarav,495,Aleena,554
535,Isaias,495,Courtney,554
536,Aldo,494,Aryanna,553
537,Arian,494,Madalyn,551
538,Jamari,493,Tatiana,551
539,Kristopher,492,Angelique,548
540,Uriah,491,Kenley,548
541,Cannon,490,Selah,548
542,Douglas,489,Skyla,547
543,Skylar,488,Leighton,546
544,Milan,486,Harlow,545
545,Kane,485,Hayley,545
546,Dorian,484,Dayana,542
547,Tatum,484,Tiana,542
548,Wade,484,Helena,540
549,Dane,482,Evelynn,539
550,Bryant,481,Virginia,537
551,Toby,481,Blake,536
552,Quinton,479,Cecelia,535
553,Asa,476,Nathalie,529
554,Sam,476,Jaycee,526
555,Joe,473,Danica,524
556,Kieran,471,Ember,522
557,Mohammed,471,Evie,522
558,Roger,471,Gracelynn,522
559,Channing,470,Anika,521
560,Daxton,469,Dulce,521
561,Ezequiel,468,Erica,520
562,Orlando,468,Emilie,517
563,Nathanael,467,Tenley,516
564,Malakai,466,Anabella,514
565,Zackary,465,Liana,514
566,Matias,464,Braylee,510
567,Boston,463,Hattie,510
568,Ahmad,458,Cameron,508
569,Dominik,456,Leia,508
570,Lance,455,Aisha,507
571,Alvin,453,Charleigh,507
572,Odin,452,Marie,505
573,Conor,449,Regina,503
574,Cullen,447,Lindsey,502
575,Mohammad,446,Isis,500
576,Benson,445,Alyson,497
577,Deandre,445,Felicity,497
578,Gary,444,Amara,495
579,Carl,443,Elyse,495
580,Blaine,442,Anahi,494
581,Kian,441,Jaelyn,493
582,Sterling,441,Natasha,491
583,Nelson,440,Samara,490
584,Salvador,437,Lainey,487
585,Nikolai,434,Miah,487
586,Luka,433,Daleyza,485
587,Nixon,433,River,485
588,Niko,432,Beatrice,484
589,Bowen,430,Melina,482
590,Kyrie,430,Amani,480
591,Brenden,428,Whitney,480
592,Callen,428,Jessie,479
593,Vihaan,428,Aileen,478
594,Terry,426,Millie,478
595,Demetrius,424,Greta,477
596,Xzavier,424,Milan,477
597,Luciano,423,Caylee,475
598,Rohan,422,Jaelynn,474
599,Amare,421,Lea,472
600,Ramon,421,Marina,470
601,Raphael,421,Kaylynn,468
602,Reese,421,Kenya,468
603,Quincy,420,Amelie,464
604,Eddie,419,Kaia,463
605,Hayes,416,Mariam,463
606,London,415,Maleah,460
607,Matthias,415,Elisabeth,459
608,Yusuf,415,Alayah,458
609,Jefferson,414,Ally,458
610,Noe,414,Colette,458
611,Kelvin,411,Dallas,458
612,Madden,408,Erika,457
613,Terrance,405,Karlee,457
614,Harvey,403,Farrah,453
615,Layne,403,Alani,452
616,Bentlee,402,Mikaela,452
617,Harley,400,Adelina,451
618,Julien,399,Kiera,450
619,Sincere,399,Bria,449
620,Kristian,398,Cara,449
621,Melvin,398,Madalynn,449
622,Emmitt,393,Desiree,448
623,Neil,393,Jaylynn,448
624,Winston,393,Leyla,447
625,Lucian,392,Paislee,447
626,Rodney,392,Amina,446
627,Ernesto,390,Laylah,445
628,Hank,390,Nataly,445
629,Jeffery,390,Shiloh,445
630,Rex,390,Azalea,444
631,Wilson,390,Braelynn,444
632,Alessandro,389,Malaya,443
633,Mathias,389,Adele,441
634,Ayaan,388,Kensley,441
635,Memphis,386,Linda,441
636,Princeton,386,Lylah,440
637,Tripp,385,Addilyn,439
638,Jon,384,Amiya,439
639,Lewis,384,Amya,439
640,Santino,383,Brenda,439
641,Dax,382,Juniper,438
642,Eden,381,Ryan,438
643,Joey,380,Emelia,437
644,Trace,380,Irene,437
645,Nickolas,379,Maia,437
646,Bruno,378,Jasmin,436
647,Crosby,378,Matilda,436
648,Neymar,377,Saige,436
649,Kendall,376,Ciara,435
650,Marc,376,Myah,435
651,Cory,375,Teresa,435
652,Abdullah,371,Emmy,434
653,Soren,370,Jaylee,434
654,Allan,369,Rosa,433
655,Brentley,369,Claudia,432
656,Davion,369,Estrella,432
657,Hamza,369,Mira,432
658,Tommy,367,Jemma,431
659,Edison,366,Kathleen,431
660,Harper,366,Meredith,431
661,Jasiah,366,Yareli,431
662,Morgan,364,Zoie,431
663,Zain,363,Madyson,430
664,Flynn,362,Kimber,429
665,Theo,361,Maryam,428
666,Bobby,360,Paityn,428
667,Brett,360,Isabela,426
668,Roland,360,Winter,426
669,Samson,359,Sariah,425
670,Chad,358,Shayla,424
671,Lee,358,Simone,424
672,Rayan,358,Paola,423
673,Zechariah,358,Pearl,423
674,Ray,357,Perla,423
675,Branson,355,Sherlyn,423
676,Bronson,355,Mae,419
677,Kylan,355,Patricia,419
678,Lennox,355,Ansley,417
679,Stanley,355,Brenna,416
680,Arlo,354,Laney,416
681,Yosef,353,Aliana,414
682,Reginald,350,Jazlynn,414
683,Casen,349,Armani,411
684,Micheal,349,Giana,411
685,Alonso,348,Lailah,411
686,Kareem,348,Natalee,411
687,Leonard,347,Lindsay,410
688,Augustus,346,Siena,410
689,Billy,346,Nancy,409
690,Guillermo,346,Raquel,408
691,Conrad,345,Frances,406
692,Elisha,345,Lilianna,406
693,Tomas,345,Willa,406
694,Makai,344,Halle,405
695,Otto,343,Tori,405
696,Aryan,342,Chaya,404
697,Jagger,342,Janessa,404
698,Chaim,341,Kynlee,403
699,Adonis,340,Ellen,402
700,Westin,340,Leanna,402
701,Keagan,339,Bryanna,399
702,Dayton,338,Elianna,398
703,Kyson,335,Alma,397
704,Leonidas,335,Christine,396
705,Brodie,334,Lizbeth,396
706,Alden,331,Kassandra,394
707,Aron,331,Wendy,394
708,Valentino,331,Clarissa,393
709,Willie,330,Mabel,393
710,Aydin,329,Charli,392
711,Terrence,329,Mollie,390
712,Braeden,328,Diamond,389
713,Harry,328,Coraline,388
714,Shaun,328,Kristen,388
715,Blaze,327,Edith,386
716,Marlon,327,Ariah,385
717,Gerald,325,Mckayla,385
718,Lamar,325,Arely,383
719,Legend,324,Joslyn,383
720,Duke,323,Blair,382
721,Jessie,322,Chanel,381
722,Layton,322,Jaylene,381
723,Clay,321,Hailee,380
724,Dwayne,321,Alia,378
725,Kody,321,Casey,377
726,Kole,321,Clare,377
727,Sage,321,Reyna,376
728,Terrell,321,Aiyana,373
729,Felipe,319,Averi,372
730,Kamari,319,Dana,372
731,Maxim,319,Leona,372
732,Omari,318,Alena,371
733,Bo,317,Alissa,371
734,Crew,317,Demi,371
735,Gauge,317,Taryn,371
736,Lionel,317,Kallie,369
737,Rogelio,317,Corinne,368
738,Vicente,317,Karsyn,368
739,Emery,314,Asia,367
740,Jermaine,314,Kailee,367
741,Ronnie,313,Jaylin,365
742,Will,313,Noemi,365
743,Elian,311,Rayna,365
744,Giovani,311,Carlee,364
745,Hendrix,310,Abbigail,363
746,Javon,309,Mara,363
747,Alexzander,307,Lillianna,362
748,Ben,305,Livia,362
749,Kolby,304,Aryana,359
750,Rayden,303,Ayleen,359
751,Camron,302,Danika,359
752,Jamarion,302,Eileen,359
753,Remy,302,Hadassah,359
754,Urijah,302,Mina,359
755,Jamal,300,Aimee,358
756,Cassius,299,Kayden,357
757,Jaydon,298,Paloma,357
758,Ariel,297,Aliya,356
759,Braiden,297,Denise,356
760,Kyree,297,Elaine,356
761,Wayne,297,Kaya,356
762,Landry,296,Briley,355
763,Triston,296,Kora,355
764,Jerome,294,Monroe,355
765,Jamie,293,Sandra,355
766,Junior,293,Tabitha,355
767,Killian,293,Celia,353
768,Lennon,293,Hana,353
769,Oakley,290,Jolie,353
770,Rene,290,Kristina,353
771,Ronin,290,Emmalee,352
772,Samir,290,Myra,352
773,Darian,289,Chana,351
774,Davian,289,Lisa,351
775,Eugene,289,Milana,350
776,Amos,288,Renata,350
777,Tristian,288,Adrienne,349
778,Atlas,287,Nola,349
779,Giancarlo,287,Zariyah,348
780,Jadiel,287,America,347
781,Vincenzo,287,Zaniyah,347
782,Alfonso,286,Carolyn,346
783,Callan,286,Jaida,346
784,Callum,286,Mariyah,346
785,Leandro,286,Celine,345
786,Mayson,286,Cherish,345
787,Adrien,285,Iliana,345
788,Brent,285,Janiya,345
789,Cain,285,Kimora,345
790,Jairo,285,Avah,344
791,Jonathon,285,Marisol,343
792,Darrell,284,Cindy,342
793,Fletcher,284,Maliah,342
794,Kenny,283,Kiana,340
795,Tyrone,283,Jocelynn,339
796,Thaddeus,279,Emory,338
797,Markus,278,Galilea,338
798,Zavier,278,Milania,338
799,Marcel,275,Alaya,337
800,Marquis,275,Bryn,337
801,Lyric,274,Lorelai,337
802,Draven,272,Wren,337
803,Misael,272,Martha,336
804,Abdiel,271,Yamileth,336
805,Ishaan,271,Jenny,335
806,Ulises,271,Dorothy,334
807,Bodhi,270,Keyla,334
808,Jamir,270,Alyvia,333
809,Marcelo,270,Jordynn,333
810,Justus,269,Amirah,332
811,Mack,269,Aubrianna,331
812,Davin,268,Nathaly,331
813,Craig,267,Zaria,331
814,Rudy,267,Taliyah,330
815,Cedric,266,Deborah,329
816,Frankie,265,Rylan,329
817,Javion,264,Yasmin,329
818,Maxton,264,Elin,328
819,Cayson,263,Joyce,328
820,Deshawn,263,Roselyn,328
821,Jair,263,Julianne,327
822,Duncan,262,Zion,327
823,Gibson,262,Janae,324
824,Isiah,262,Salma,324
825,Hassan,261,Ivanna,323
826,Randall,260,Ayanna,322
827,Azariah,259,Lilith,322
828,Darwin,258,Paulina,322
829,Kale,258,Saniyah,322
830,Kolten,258,Aubrielle,321
831,Enoch,257,Aurelia,320
832,Kase,257,Henley,319
833,Konnor,257,Susan,316
834,Konner,256,Sutton,316
835,Lucca,256,Heather,315
836,Stefan,256,Barbara,313
837,Dominique,254,Lesly,313
838,Forrest,254,Remi,313
839,Gannon,254,Britney,312
840,Jordyn,254,Emmalynn,312
841,Kymani,253,Bryleigh,310
842,Maximo,253,Elliot,310
843,Van,253,Kaitlynn,310
844,Coleman,252,Milena,310
845,Alvaro,251,Kyndall,307
846,Aydan,251,Mercy,307
847,Semaj,251,Paula,307
848,Sonny,251,Ariyah,306
849,Yousef,251,Thalia,306
850,Brice,250,Kaleigh,304
851,Harlan,250,Aubri,303
852,Rolando,250,Lina,302
853,Damion,249,Tegan,302
854,Ean,249,Angeline,301
855,Johnathon,249,Yaritza,301
856,Quintin,249,Alannah,300
857,Zeke,249,Carla,300
858,Cristopher,248,Kairi,300
859,Fisher,247,Kourtney,300
860,Heath,247,Krystal,300
861,Jadon,247,Carter,299
862,Jovanni,247,Mercedes,299
863,Seamus,247,Kenia,297
864,Vaughn,247,Laurel,297
865,Axton,246,Sloan,297
866,Ramiro,246,Sonia,297
867,Vance,245,Ivory,296
868,Jedidiah,244,Katalina,296
869,Kamdyn,243,Alisha,295
870,Yael,243,Carlie,295
871,Chace,242,Everleigh,295
872,Rashad,242,Lara,295
873,Santos,242,Aviana,294
874,Steve,241,Rosie,294
875,Camdyn,240,Abril,293
876,Brecken,239,Dixie,293
877,Kamryn,239,Micah,293
878,Marley,239,Miya,293
879,Hezekiah,238,Regan,293
880,Valentin,237,Scarlette,293
881,Dilan,236,Carley,292
882,Mike,236,Sky,292
883,Anders,235,Charlize,291
884,Brantlee,235,Samiyah,291
885,Krish,235,Sharon,291
886,Salvatore,235,Aleigha,290
887,Franco,234,Patience,290
888,Harold,234,Libby,289
889,Reuben,234,Temperance,289
890,Camren,233,Estella,288
891,Gilbert,233,Gwyneth,288
892,Turner,233,Luz,288
893,Emory,232,Hadlee,287
894,Gavyn,232,Ingrid,287
895,Joziah,232,Jurnee,286
896,Zaid,232,Raina,286
897,Zayn,232,Anabel,284
898,Deangelo,231,Rory,284
899,Mustafa,231,Renee,283
900,Royal,231,Zahra,283
901,Ares,230,Belen,282
902,Bently,230,Elliott,282
903,Jamar,230,Jewel,282
904,Titan,230,Karlie,282
905,Arnav,229,Sidney,282
906,Blaise,229,Freya,281
907,Bridger,229,Marianna,281
908,Juelz,229,Saylor,281
909,Ameer,228,Campbell,280
910,Briggs,228,Kai,280
911,Cortez,228,Lilia,280
912,Hugh,227,Marjorie,280
913,Rodolfo,227,Tara,280
914,Demarcus,226,Ann,279
915,Rey,226,Azaria,279
916,Tristin,225,Deanna,279
917,Benton,224,Destinee,277
918,Giovanny,223,Shannon,277
919,Aidyn,222,Ariya,276
920,Jaylin,222,Lilyanna,276
921,Kaeden,222,Macey,276
922,Efrain,221,Avianna,275
923,Jorden,221,Saniya,275
924,Jovani,221,Esme,274
925,Teagan,221,Jolene,274
926,Clinton,220,Liv,274
927,Kingsley,220,Aliza,273
928,Kamron,219,Hunter,273
929,Makhi,219,Lennon,273
930,Xavi,219,Oakley,273
931,Aditya,218,Haleigh,272
932,Jericho,218,Amalia,271
933,Zaire,217,Annalee,271
934,Ernest,216,Rayne,271
935,Kaysen,216,Evalyn,270
936,Deon,215,Rivka,270
937,Foster,213,Giavanna,269
938,Lochlan,213,Karis,269
939,Miller,213,Abrielle,268
940,Antoine,211,Kaylen,268
941,Gilberto,211,Audriana,267
942,Gino,211,Emerie,267
943,Izayah,211,Giada,267
944,Jaycob,211,Harlee,267
945,Maison,211,Kori,267
946,Garrison,210,Margot,267
947,Sidney,210,Neriah,267
948,Stetson,210,Ellison,266
949,Brysen,209,Gwen,266
950,Castiel,209,Lillyana,266
951,Dangelo,209,Wynter,266
952,Keenan,209,Alisson,264
953,Magnus,209,Annabell,264
954,Reagan,209,Belinda,264
955,Rylee,209,Cristina,264
956,Truman,209,Moriah,264
957,Augustine,208,Rihanna,264
958,Cristiano,208,Tamia,264
959,Kohen,208,Araceli,262
960,Alfred,207,Kylah,262
961,Deegan,207,Ayana,261
962,Ephraim,207,Emmaline,261
963,Kalel,207,Giovanna,261
964,Langston,207,Kailani,261
965,Osvaldo,207,Zainab,260
966,Houston,206,Kaiya,259
967,Jayse,206,Karissa,259
968,Todd,206,India,258
969,Tyree,206,Nahla,258
970,Yair,206,Charity,257
971,Apollo,205,Devyn,257
972,Corban,205,Karma,257
973,Pierre,205,Marleigh,257
974,Anson,204,Meadow,257
975,Camryn,204,Natalya,257
976,Grey,204,Sarahi,257
977,Kannon,204,Astrid,256
978,Lachlan,204,Estelle,256
979,Leroy,204,Magnolia,256
980,Rowen,204,Audrianna,255
981,Santana,204,Ireland,254
982,Tyrell,204,Kaidence,254
983,Aaden,203,Kaylyn,254
984,Denzel,203,Princess,254
985,Yadiel,202,Amia,253
986,Brendon,201,Bayleigh,253
987,Jakobe,201,Jayde,253
988,Jordy,201,Karly,253
989,Branden,200,Roxanne,253
990,Brenton,200,Alaysia,252
991,Thatcher,200,Avalyn,252
992,Dario,199,Makena,252
993,Immanuel,199,Judith,251
994,Darien,198,Penny,251
995,Rocky,197,Ryann,251
996,Camilo,196,Tess,251
997,Clyde,196,Dalilah,250
998,Davon,196,Kenna,250
999,Eliot,196,Tinley,250
1000,Graeme,196,Ali,249