1,Noah,19511,Emma,20355
2,Liam,18281,Olivia,19553
3,Mason,16535,Sophia,17327
4,Jacob,15816,Ava,16286
5,William,15809,Isabella,15504
6,Ethan,14991,Mia,14820
7,James,14705,Abigail,12311
8,Alexander,14460,Emily,11727
9,Michael,14321,Charlotte,11332
10,Benjamin,13608,Harper,10241
11,Elijah,13511,Madison,10038
12,Daniel,13408,Amelia,9795
13,Aiden,13378,Elizabeth,9656
14,Logan,12862,Sofia,9650
15,Matthew,12648,Evelyn,9313
16,Lucas,12246,Avery,9298
17,Jackson,12182,Chloe,7884
18,David,11691,Ella,7852
19,Oliver,11592,Grace,7589
20,Jayden,11475,Victoria,7575
21,Joseph,11375,Aubrey,7357
22,Gabriel,10782,Scarlett,7100
23,Samuel,10733,Zoey,6900
24,Carter,10727,Addison,6683
25,Anthony,10564,Lily,6617
26,John,10303,Lillian,6571
27,Dylan,10232,Natalie,6466
28,Luke,10219,Hannah,6372
29,Henry,10112,Aria,6371
30,Andrew,10027,Layla,6289
31,Isaac,9878,Brooklyn,6268
32,Christopher,9742,Alexa,6029
33,Joshua,9720,Zoe,5995
34,Wyatt,9597,Penelope,5921
35,Sebastian,9569,Riley,5707
36,Owen,9549,Leah,5585
37,Caleb,8727,Audrey,5581
38,Nathan,8530,Savannah,5413
39,Ryan,8474,Allison,5329
40,Jack,8456,Samantha,5304
41,Hunter,8284,Nora,5301
42,Levi,8236,Skylar,5258
43,Christian,8127,Camila,5257
44,Jaxon,8015,Anna,5094
45,Julian,8003,Paisley,5056
46,Landon,7896,Ariana,4933
47,Grayson,7852,Ellie,4838
48,Jonathan,7577,Aaliyah,4836
49,Isaiah,7528,Claire,4805
50,Charles,7125,Violet,4779
51,Thomas,7123,Stella,4769
52,Aaron,7113,Sadie,4731
53,Eli,7087,Mila,4712
54,Connor,6729,Gabriella,4579
55,Jeremiah,6724,Lucy,4512
56,Cameron,6713,Arianna,4498
57,Josiah,6605,Kennedy,4496
58,Adrian,6489,Sarah,4476
59,Colton,6270,Madelyn,4467
60,Jordan,6254,Eleanor,4402
61,Brayden,6220,Kaylee,4346
62,Nicholas,6194,Caroline,4304
63,Robert,6076,Hazel,4270
64,Angel,6059,Hailey,4221
65,Hudson,6008,Genesis,4148
66,Lincoln,5959,Kylie,4142
67,Evan,5863,Autumn,4101
68,Dominic,5811,Piper,4100
69,Austin,5767,Maya,4099
70,Gavin,5741,Nevaeh,3968
71,Nolan,5713,Serenity,3943
72,Parker,5383,Peyton,3888
73,Adam,5360,Mackenzie,3838
74,Chase,5340,Bella,3760
75,Jace,5311,Eva,3735
76,Ian,5288,Taylor,3732
77,Cooper,5238,Naomi,3731
78,Easton,5199,Aubree,3617
79,Kevin,5157,Aurora,3613
80,Jose,5146,Melanie,3482
81,Tyler,5131,Lydia,3474
82,Brandon,5085,Brianna,3459
83,Asher,5059,Ruby,3433
84,Jaxson,5028,Katherine,3429
85,Mateo,4987,Ashley,3409
86,Jason,4968,Alexis,3395
87,Ayden,4862,Alice,3395
88,Zachary,4809,Cora,3378
89,Carson,4723,Julia,3347
90,Xavier,4605,Madeline,3305
91,Leo,4561,Faith,3288
92,Ezra,4299,Annabelle,3250
93,Bentley,4287,Alyssa,3233
94,Sawyer,4245,Isabelle,3198
95,Kayden,4216,Vivian,3183
96,Blake,4211,Gianna,3161
97,Nathaniel,4176,Quinn,3077
98,Ryder,4130,Clara,3049
99,Theodore,4111,Reagan,3038
100,Elias,4062,Khloe,2985
101,Tristan,3885,Alexandra,2983
102,Roman,3862,Hadley,2957
103,Leonardo,3810,Eliana,2956
104,Camden,3750,Sophie,2918
105,Brody,3723,London,2904
106,Luis,3718,Elena,2877
107,Miles,3701,Kimberly,2826
108,Micah,3700,Bailey,2818
109,Vincent,3697,Maria,2803
110,Justin,3693,Luna,2790
111,Greyson,3578,Willow,2776
112,Declan,3560,Jasmine,2774
113,Maxwell,3519,Kinsley,2762
114,Juan,3510,Valentina,2738
115,Cole,3475,Kayla,2718
116,Damian,3474,Delilah,2706
117,Carlos,3400,Andrea,2699
118,Max,3398,Natalia,2686
119,Harrison,3316,Lauren,2677
120,Weston,3305,Morgan,2670
121,Brantley,3282,Rylee,2668
122,Braxton,3278,Sydney,2647
123,Axel,3229,Adalynn,2612
124,Diego,3218,Mary,2602
125,Abel,3216,Ximena,2591
126,Wesley,3213,Jade,2549
127,Santiago,3202,Liliana,2545
128,Jesus,3166,Brielle,2519
129,Silas,3153,Ivy,2489
130,Giovanni,3118,Trinity,2485
131,Bryce,3114,Josephine,2477
132,Jayce,3105,Adalyn,2450
133,Bryson,3088,Jocelyn,2441
134,Alex,3085,Emery,2409
135,Everett,3032,Adeline,2391
136,George,3032,Jordyn,2362
137,Eric,3028,Ariel,2332
138,Ivan,3028,Everly,2315
139,Emmett,3026,Lilly,2294
140,Kaiden,3006,Paige,2278
141,Ashton,2998,Isla,2263
142,Kingston,2929,Lyla,2254
143,Jonah,2882,Makayla,2237
144,Jameson,2838,Molly,2235
145,Kai,2819,Emilia,2206
146,Maddox,2772,Mya,2189
147,Timothy,2763,Kendall,2186
148,Ezekiel,2755,Melody,2168
149,Ryker,2738,Isabel,2148
150,Emmanuel,2723,Brooke,2139
151,Hayden,2712,Mckenzie,2117
152,Antonio,2708,Nicole,2106
153,Bennett,2690,Payton,2103
154,Steven,2689,Margaret,2089
155,Richard,2659,Mariah,2087
156,Jude,2636,Eden,2050
157,Luca,2593,Athena,2040
158,Edward,2587,Amy,2031
159,Joel,2583,Norah,2021
160,Victor,2555,Londyn,2013
161,Miguel,2552,Valeria,1974
162,Malachi,2543,Sara,1962
163,King,2540,Aliyah,1958
164,Patrick,2520,Angelina,1952
165,Kaleb,2510,Gracie,1934
166,Bryan,2478,Rose,1928
167,Alan,2466,Rachel,1911
168,Marcus,2436,Juliana,1896
169,Preston,2428,Laila,1883
170,Abraham,2423,Brooklynn,1879
171,Calvin,2421,Valerie,1873
172,Colin,2414,Alina,1851
173,Bradley,2385,Reese,1848
174,Jeremy,2380,Elise,1836
175,Kyle,2374,Eliza,1816
176,Graham,2367,Alaina,1805
177,Grant,2349,Raelynn,1793
178,Jesse,2327,Leilani,1789
179,Kaden,2321,Catherine,1785
180,Alejandro,2303,Emerson,1780
181,Oscar,2286,Cecilia,1771
182,Jase,2278,Genevieve,1760
183,Karter,2272,Daisy,1754
184,Maverick,2250,Harmony,1740
185,Aidan,2242,Vanessa,1720
186,Tucker,2219,Adriana,1719
187,Avery,2204,Presley,1711
188,Amir,2200,Rebecca,1709
189,Brian,2200,Destiny,1706
190,Iker,2171,Hayden,1703
191,Matteo,2155,Julianna,1698
192,Caden,2121,Michelle,1692
193,Zayden,2119,Adelyn,1673
194,Riley,2069,Arabella,1671
195,August,2059,Summer,1671
196,Mark,2050,Callie,1669
197,Maximus,2047,Kaitlyn,1651
198,Brady,2020,Ryleigh,1648
199,Kenneth,2017,Lila,1639
200,Paul,2015,Daniela,1636
201,Jaden,1998,Arya,1634
202,Nicolas,1985,Alana,1611
203,Beau,1966,Esther,1601
204,Dean,1930,Finley,1598
205,Jake,1914,Gabrielle,1591
206,Peter,1913,Jessica,1577
207,Xander,1912,Charlie,1554
208,Elliot,1896,Stephanie,1554
209,Finn,1881,Tessa,1545
210,Derek,1872,Makenzie,1541
211,Sean,1870,Ana,1534
212,Cayden,1862,Amaya,1522
213,Elliott,1859,Alexandria,1521
214,Jax,1849,Alivia,1515
215,Jasper,1839,Nova,1511
216,Lorenzo,1834,Anastasia,1493
217,Omar,1831,Iris,1492
218,Beckett,1816,Marley,1487
219,Rowan,1799,Fiona,1484
220,Gael,1774,Angela,1480
221,Corbin,1761,Giselle,1479
222,Waylon,1753,Kate,1469
223,Myles,1725,Alayna,1449
224,Tanner,1703,Lola,1443
225,Jorge,1699,Lucia,1440
226,Javier,1691,Juliette,1439
227,Zion,1674,Parker,1439
228,Andres,1670,Teagan,1430
229,Charlie,1662,Sienna,1429
230,Paxton,1662,Georgia,1424
231,Emiliano,1660,Hope,1423
232,Brooks,1650,Cali,1421
233,Zane,1650,Vivienne,1419
234,Simon,1633,Izabella,1403
235,Judah,1622,Kinley,1403
236,Griffin,1601,Daleyza,1389
237,Cody,1579,Kylee,1386
238,Gunner,1578,Jayla,1380
239,Dawson,1575,Katelyn,1374
240,Israel,1563,Juliet,1353
241,Rylan,1545,Maggie,1325
242,Gage,1518,Dakota,1323
243,Messiah,1509,Delaney,1322
244,River,1499,Brynlee,1314
245,Kameron,1496,Keira,1306
246,Stephen,1477,Camille,1303
247,Francisco,1476,Leila,1298
248,Clayton,1466,Mckenna,1295
249,Zander,1452,Aniyah,1294
250,Chance,1444,Noelle,1277
251,Eduardo,1440,Josie,1276
252,Spencer,1427,Jennifer,1275
253,Lukas,1425,Melissa,1273
254,Damien,1410,Gabriela,1257
255,Dallas,1405,Allie,1255
256,Conner,1400,Eloise,1255
257,Travis,1393,Cassidy,1230
258,Knox,1386,Jacqueline,1222
259,Raymond,1376,Brynn,1218
260,Peyton,1372,Sawyer,1217
261,Devin,1371,Evangeline,1212
262,Felix,1369,Jordan,1209
263,Jayceon,1369,Paris,1208
264,Collin,1365,Olive,1197
265,Amari,1362,Ayla,1196
266,Erick,1360,Rosalie,1184
267,Cash,1358,Kali,1179
268,Jaiden,1347,Maci,1173
269,Fernando,1345,Gemma,1166
270,Cristian,1343,Lilliana,1165
271,Josue,1340,Raegan,1162
272,Keegan,1337,Lena,1155
273,Garrett,1336,Adelaide,1152
274,Rhett,1335,Journey,1145
275,Ricardo,1334,Adelynn,1137
276,Martin,1332,Alessandra,1136
277,Reid,1331,Kenzie,1136
278,Seth,1326,Miranda,1131
279,Andre,1310,Haley,1128
280,Cesar,1301,June,1127
281,Titus,1300,Harley,1123
282,Donovan,1291,Charlee,1121
283,Manuel,1289,Lucille,1112
284,Mario,1285,Talia,1112
285,Caiden,1284,Skyler,1111
286,Adriel,1282,Makenna,1109
287,Kyler,1282,Phoebe,1109
288,Milo,1271,Jane,1106
289,Archer,1265,Lyric,1103
290,Jeffrey,1252,Angel,1102
291,Holden,1246,Elaina,1097
292,Arthur,1232,Adrianna,1094
293,Karson,1218,Ruth,1092
294,Rafael,1213,Miriam,1089
295,Shane,1205,Diana,1081
296,Lane,1203,Mariana,1080
297,Louis,1201,Danielle,1079
298,Angelo,1200,Jenna,1078
299,Remington,1195,Shelby,1071
300,Troy,1193,Nina,1070
301,Emerson,1191,Madeleine,1062
302,Maximiliano,1188,Elliana,1061
303,Hector,1186,Amina,1057
304,Emilio,1182,Amiyah,1055
305,Anderson,1177,Chelsea,1053
306,Trevor,1176,Joanna,1053
307,Phoenix,1152,Jada,1049
308,Walter,1148,Lexi,1047
309,Johnathan,1145,Katie,1043
310,Johnny,1140,Maddison,1042
311,Edwin,1137,Fatima,1041
312,Julius,1137,Vera,1041
313,Barrett,1136,Malia,1023
314,Leon,1130,Lilah,1022
315,Tyson,1119,Madilyn,1021
316,Tobias,1109,Amanda,1013
317,Edgar,1107,Daniella,1013
318,Dominick,1098,Alexia,1010
319,Marshall,1090,Kathryn,1009
320,Marco,1079,Paislee,1008
321,Joaquin,1073,Selena,1008
322,Dante,1066,Laura,1003
323,Andy,1062,Annie,1001
324,Cruz,1060,Nyla,1000
325,Ali,1059,Catalina,999
326,Finley,1055,Kayleigh,996
327,Dalton,1043,Sloane,996
328,Gideon,1042,Kamila,992
329,Reed,1042,Lia,987
330,Enzo,1039,Haven,985
331,Sergio,1039,Rowan,982
332,Jett,1038,Ashlyn,975
333,Thiago,1030,Christina,972
334,Kyrie,1027,Amber,969
335,Ronan,1024,Myla,967
336,Cohen,1014,Addilyn,966
337,Colt,1012,Erin,966
338,Erik,1012,Alison,963
339,Trenton,1005,Ainsley,961
340,Jared,1004,Raelyn,960
341,Walker,1003,Cadence,955
342,Landen,1001,Kendra,955
343,Alexis,989,Heidi,952
344,Nash,989,Kelsey,948
345,Jaylen,988,Nadia,945
346,Gregory,975,Alondra,944
347,Emanuel,974,Cheyenne,943
348,Killian,968,Kaydence,943
349,Allen,964,Mikayla,941
350,Atticus,958,River,941
351,Desmond,955,Heaven,934
352,Shawn,955,Arielle,924
353,Grady,950,Lana,920
354,Quinn,938,Blakely,917
355,Frank,937,Sabrina,915
356,Fabian,936,Kyla,914
357,Dakota,931,Ada,913
358,Roberto,923,Gracelyn,913
359,Beckham,914,Allyson,903
360,Major,906,Felicity,903
361,Skyler,902,Kira,903
362,Nehemiah,899,Briella,902
363,Drew,885,Kamryn,902
364,Cade,883,Adaline,901
365,Muhammad,880,Alicia,901
366,Kendrick,870,Ember,892
367,Pedro,868,Aylin,891
368,Orion,865,Veronica,884
369,Aden,864,Esmeralda,879
370,Kamden,861,Sage,878
371,Ruben,860,Leslie,876
372,Zaiden,860,Aspen,873
373,Clark,858,Gia,871
374,Noel,858,Camilla,868
375,Porter,855,Ashlynn,866
376,Solomon,853,Scarlet,866
377,Romeo,851,Journee,860
378,Rory,851,Daphne,858
379,Malik,849,Bianca,856
380,Daxton,847,Mckinley,856
381,Leland,845,Amira,853
382,Kash,836,Carmen,849
383,Abram,831,Kyleigh,849
384,Derrick,827,Megan,847
385,Kade,822,Skye,845
386,Gunnar,821,Elsie,843
387,Prince,818,Kennedi,840
388,Brendan,816,Averie,839
389,Leonel,815,Carly,839
390,Kason,812,Rylie,839
391,Braylon,810,Gracelynn,831
392,Legend,807,Mallory,831
393,Pablo,799,Emersyn,827
394,Jay,794,Logan,827
395,Adan,783,Camryn,822
396,Jensen,783,Annabella,816
397,Esteban,774,Dylan,811
398,Kellan,772,Elle,811
399,Drake,771,Kiara,811
400,Warren,770,Yaretzi,808
401,Ismael,767,Ariella,807
402,Ari,762,Zara,804
403,Russell,761,April,797
404,Bruce,760,Gwendolyn,789
405,Finnegan,759,Anaya,786
406,Marcos,759,Baylee,783
407,Jayson,758,Brinley,783
408,Theo,758,Sierra,778
409,Jaxton,755,Annalise,777
410,Phillip,755,Tatum,775
411,Dexter,753,Serena,774
412,Braylen,750,Dahlia,773
413,Armando,749,Macy,771
414,Braden,747,Miracle,769
415,Corey,746,Madelynn,763
416,Kolton,744,Briana,762
417,Gerardo,742,Freya,761
418,Ace,734,Macie,760
419,Ellis,732,Helen,757
420,Malcolm,732,Bethany,756
421,Tate,731,Leia,755
422,Zachariah,727,Harlow,754
423,Chandler,725,Blake,748
424,Milan,723,Jayleen,748
425,Keith,722,Angelica,746
426,Danny,714,Marilyn,745
427,Damon,711,Viviana,742
428,Enrique,709,Francesca,740
429,Jonas,709,Juniper,732
430,Kane,708,Carolina,729
431,Princeton,706,Jazmin,728
432,Hugo,704,Emely,727
433,Ronald,702,Maliyah,726
434,Philip,701,Cataleya,723
435,Ibrahim,697,Jillian,720
436,Kayson,696,Joy,720
437,Maximilian,695,Abby,719
438,Lawson,694,Malaysia,719
439,Harvey,693,Nylah,719
440,Albert,690,Sarai,718
441,Donald,690,Evelynn,714
442,Raul,687,Nia,713
443,Franklin,686,Zuri,709
444,Hendrix,686,Addyson,708
445,Odin,685,Aleah,706
446,Brennan,681,Kaia,702
447,Jamison,680,Bristol,701
448,Dillon,676,Lorelei,700
449,Brock,674,Jazmine,698
450,Landyn,672,Maeve,698
451,Mohamed,671,Alejandra,696
452,Brycen,666,Justice,696
453,Deacon,664,Julie,691
454,Colby,662,Marlee,691
455,Alec,661,Phoenix,691
456,Julio,661,Jimena,690
457,Scott,661,Emmalyn,688
458,Matias,660,Nayeli,688
459,Sullivan,660,Aleena,686
460,Rodrigo,655,Brittany,686
461,Cason,653,Amara,684
462,Taylor,653,Karina,684
463,Rocco,651,Giuliana,683
464,Nico,649,Thea,683
465,Royal,646,Braelynn,679
466,Pierce,645,Kassidy,679
467,Augustus,643,Braelyn,678
468,Raiden,631,Luciana,677
469,Kasen,629,Aubrie,676
470,Benson,628,Janelle,676
471,Moses,628,Madisyn,675
472,Cyrus,627,Brylee,674
473,Raylan,627,Leighton,674
474,Davis,623,Ryan,674
475,Khalil,622,Amari,673
476,Moises,622,Eve,673
477,Conor,621,Millie,672
478,Nikolai,621,Kelly,670
479,Alijah,620,Selah,670
480,Mathew,619,Lacey,668
481,Keaton,618,Willa,668
482,Francis,614,Haylee,664
483,Quentin,610,Jaylah,662
484,Ty,609,Sylvia,658
485,Jaime,605,Melany,655
486,Ronin,601,Elisa,653
487,Kian,599,Elsa,653
488,Lennox,597,Hattie,652
489,Malakai,596,Raven,651
490,Atlas,595,Holly,650
491,Jerry,594,Aisha,649
492,Ryland,591,Itzel,648
493,Ahmed,588,Kyra,647
494,Saul,588,Tiffany,647
495,Sterling,586,Jayda,641
496,Dennis,584,Michaela,639
497,Lawrence,580,Madilynn,638
498,Zayne,579,Jamie,636
499,Bodhi,578,Celeste,633
500,Arjun,574,Lilian,630
501,Darius,574,Remi,630
502,Arlo,572,Priscilla,627
503,Eden,571,Jazlyn,625
504,Tony,571,Karen,624
505,Dustin,570,Savanna,624
506,Kellen,568,Zariah,621
507,Chris,562,Lauryn,620
508,Mohammed,560,Alanna,615
509,Nasir,560,Kara,615
510,Omari,560,Karla,610
511,Kieran,558,Cassandra,608
512,Nixon,558,Ariah,606
513,Rhys,558,Evie,606
514,Armani,556,Frances,606
515,Arturo,556,Aileen,604
516,Bowen,555,Lennon,604
517,Frederick,555,Charley,603
518,Callen,552,Rosemary,602
519,Leonidas,552,Danna,601
520,Remy,552,Regina,601
521,Wade,551,Kaelyn,597
522,Luka,545,Virginia,596
523,Jakob,544,Hanna,595
524,Winston,544,Rebekah,594
525,Justice,543,Alani,593
526,Alonzo,540,Edith,593
527,Curtis,540,Liana,591
528,Aarav,539,Charleigh,590
529,Gustavo,539,Gloria,590
530,Royce,531,Cameron,585
531,Asa,530,Colette,584
532,Gannon,530,Kailey,584
533,Kyson,530,Carter,579
534,Hank,529,Helena,579
535,Izaiah,527,Matilda,579
536,Roy,527,Imani,578
537,Raphael,526,Bridget,576
538,Luciano,525,Cynthia,576
539,Hayes,524,Janiyah,576
540,Case,523,Marissa,575
541,Darren,523,Johanna,573
542,Mohammad,523,Sasha,572
543,Otto,521,Kaliyah,570
544,Layton,520,Cecelia,568
545,Isaias,519,Adelina,567
546,Alberto,518,Jessa,566
547,Jamari,518,Hayley,565
548,Colten,516,Julissa,562
549,Dax,516,Winter,562
550,Marvin,516,Crystal,559
551,Casey,515,Kaylie,559
552,Moshe,515,Bailee,558
553,Johan,514,Charli,557
554,Sam,514,Henley,557
555,Matthias,513,Anya,556
556,Larry,510,Maia,556
557,Trey,510,Skyla,556
558,Devon,508,Liberty,555
559,Trent,508,Fernanda,551
560,Mauricio,506,Monica,550
561,Mathias,503,Braylee,549
562,Issac,501,Dallas,548
563,Dorian,500,Mariam,545
564,Gianni,497,Marie,544
565,Ahmad,494,Beatrice,540
566,Nikolas,493,Hallie,540
567,Oakley,493,Maryam,539
568,Uriel,491,Angelique,538
569,Lewis,490,Anne,538
570,Randy,489,Madalyn,537
571,Cullen,488,Alayah,536
572,Braydon,487,Annika,536
573,Ezequiel,487,Greta,531
574,Reece,486,Lilyana,529
575,Jimmy,484,Kadence,526
576,Crosby,482,Coraline,524
577,Soren,479,Lainey,524
578,Uriah,478,Mabel,524
579,Roger,477,Lillie,523
580,Nathanael,475,Anika,520
581,Emmitt,473,Azalea,519
582,Gary,473,Dayana,518
583,Rayan,473,Jaliyah,515
584,Ricky,472,Addisyn,514
585,Mitchell,471,Emilee,511
586,Roland,469,Mira,511
587,Alfredo,468,Angie,509
588,Cannon,468,Lilith,508
589,Jalen,468,Mae,508
590,Tatum,466,Meredith,507
591,Kobe,465,Guadalupe,505
592,Yusuf,465,Emelia,503
593,Quinton,462,Margot,503
594,Korbin,460,Melina,501
595,Brayan,458,Aniya,498
596,Joe,457,Alena,495
597,Byron,455,Myra,493
598,Ariel,453,Elianna,492
599,Quincy,453,Caitlyn,491
600,Carl,452,Jaelynn,490
601,Kristopher,451,Jaelyn,486
602,Alvin,450,Demi,483
603,Duke,450,Mikaela,481
604,Lance,450,Tiana,481
605,London,447,Blair,480
606,Jasiah,446,Shiloh,479
607,Boston,445,Ariyah,478
608,Santino,444,Saylor,478
609,Lennon,440,Caitlin,473
610,Deandre,439,Lindsey,471
611,Madden,437,Oakley,471
612,Talon,437,Alia,470
613,Sylas,436,Everleigh,469
614,Orlando,434,Ivanna,467
615,Hamza,432,Miah,467
616,Bo,431,Emmy,466
617,Aldo,430,Jessie,466
618,Douglas,430,Anahi,464
619,Tristen,430,Kaylin,464
620,Wilson,430,Ansley,463
621,Maurice,429,Annabel,460
622,Samson,428,Remington,460
623,Cayson,427,Kora,459
624,Bryant,425,Maisie,458
625,Conrad,425,Nathalie,455
626,Dane,423,Emory,452
627,Julien,423,Karsyn,451
628,Sincere,423,Pearl,451
629,Noe,422,Irene,450
630,Salvador,421,Kimber,449
631,Nelson,420,Rosa,448
632,Edison,418,Lylah,447
633,Ramon,418,Magnolia,447
634,Lucian,417,Samara,446
635,Mekhi,417,Elliot,445
636,Niko,417,Renata,445
637,Ayaan,416,Galilea,444
638,Vihaan,414,Kensley,444
639,Neil,413,Kiera,444
640,Titan,412,Whitney,444
641,Ernesto,410,Amelie,443
642,Brentley,407,Siena,443
643,Lionel,405,Bria,441
644,Zayn,405,Laney,441
645,Dominik,403,Perla,441
646,Cassius,401,Tatiana,439
647,Rowen,401,Zelda,439
648,Blaine,399,Jaycee,438
649,Sage,399,Kori,438
650,Kelvin,398,Montserrat,438
651,Jaxen,395,Lorelai,437
652,Memphis,395,Adele,436
653,Leonard,393,Elyse,436
654,Abdullah,392,Katelynn,436
655,Jacoby,392,Kynlee,436
656,Allan,390,Marina,434
657,Jagger,389,Jayden,433
658,Yahir,389,Kailyn,433
659,Forrest,387,Avah,431
660,Guillermo,387,Kenley,431
661,Mack,387,Aviana,429
662,Zechariah,387,Armani,428
663,Harley,386,Dulce,428
664,Terry,385,Alaia,427
665,Kylan,384,Teresa,426
666,Fletcher,383,Natasha,425
667,Rohan,383,Milani,424
668,Eddie,381,Amirah,423
669,Bronson,380,Breanna,423
670,Jefferson,378,Linda,423
671,Rayden,377,Tenley,423
672,Terrance,376,Sutton,422
673,Marc,375,Elaine,421
674,Morgan,375,Elliott,421
675,Valentino,375,Aliza,420
676,Demetrius,374,Kenna,419
677,Kristian,373,Meadow,419
678,Hezekiah,371,Alyson,418
679,Lee,371,Rory,417
680,Alessandro,369,Milana,416
681,Makai,369,Erica,415
682,Rex,369,Esme,414
683,Callum,368,Leona,414
684,Kamari,366,Joselyn,413
685,Casen,364,Madalynn,412
686,Tripp,364,Alma,411
687,Callan,363,Chanel,411
688,Stanley,363,Myah,411
689,Toby,363,Karter,410
690,Elian,362,Zahra,410
691,Langston,361,Audrina,409
692,Melvin,361,Ariya,408
693,Payton,361,Jemma,408
694,Flynn,360,Eileen,407
695,Jamir,360,Kallie,406
696,Kyree,360,Milan,406
697,Aryan,359,Emmalynn,405
698,Axton,358,Lailah,404
699,Azariah,358,Sloan,404
700,Branson,358,Clarissa,403
701,Reese,357,Karlee,403
702,Adonis,356,Laylah,403
703,Thaddeus,355,Amiya,402
704,Zeke,354,Collins,402
705,Tommy,351,Ellen,401
706,Blaze,350,Hadassah,400
707,Carmelo,350,Danica,399
708,Skylar,349,Jaylene,399
709,Arian,347,Averi,398
710,Bruno,347,Reyna,398
711,Kaysen,346,Saige,397
712,Layne,346,Wren,397
713,Ray,346,Lexie,396
714,Zain,345,Dorothy,395
715,Crew,342,Lilianna,395
716,Jedidiah,342,Monroe,393
717,Rodney,342,Aryanna,392
718,Clay,341,Elisabeth,392
719,Tomas,341,Ivory,392
720,Alden,340,Liv,391
721,Jadiel,339,Janessa,390
722,Harper,338,Jaylynn,390
723,Ares,337,Livia,390
724,Cory,336,Rayna,390
725,Brecken,334,Alaya,387
726,Chaim,334,Malaya,387
727,Nickolas,334,Cara,385
728,Kareem,333,Erika,385
729,Xzavier,333,Amani,384
730,Kaison,332,Clare,384
731,Alonso,331,Addilynn,383
732,Amos,331,Roselyn,383
733,Vicente,331,Corinne,382
734,Samir,330,Paola,382
735,Yosef,330,Jolene,381
736,Jamal,328,Anabelle,380
737,Jon,328,Aliana,379
738,Bobby,325,Lea,379
739,Aron,324,Mara,379
740,Ben,324,Lennox,377
741,Ford,324,Claudia,376
742,Brodie,323,Kristina,376
743,Cain,323,Jaylee,375
744,Finnley,322,Kaylynn,375
745,Briggs,321,Zariyah,375
746,Davion,321,Gwen,374
747,Kingsley,321,Kinslee,374
748,Brett,320,Avianna,373
749,Wayne,319,Lisa,373
750,Zackary,319,Raquel,373
751,Apollo,318,Jolie,372
752,Emery,318,Carolyn,371
753,Joziah,318,Courtney,371
754,Lucca,318,Penny,371
755,Bentlee,316,Royal,371
756,Hassan,316,Alannah,370
757,Westin,316,Ciara,370
758,Joey,314,Chaya,369
759,Vance,314,Kassandra,369
760,Marcelo,313,Milena,369
761,Axl,312,Mina,368
762,Jermaine,312,Noa,368
763,Chad,311,Leanna,367
764,Gerald,310,Zoie,367
765,Kole,310,Ariadne,366
766,Dash,309,Monserrat,366
767,Dayton,309,Nola,366
768,Lachlan,307,Carlee,365
769,Shaun,307,Isabela,365
770,Kody,306,Jazlynn,365
771,Ronnie,306,Kairi,365
772,Kolten,305,Laurel,365
773,Marcel,305,Sky,365
774,Stetson,305,Rosie,364
775,Willie,303,Arely,361
776,Jeffery,302,Aubrielle,361
777,Brantlee,301,Kenia,361
778,Elisha,300,Noemi,361
779,Maxim,300,Scarlette,361
780,Kendall,299,Farrah,360
781,Harry,298,Leyla,360
782,Leandro,298,Amia,358
783,Aaden,296,Bryanna,358
784,Channing,296,Naya,357
785,Kohen,296,Wynter,357
786,Yousef,296,Hunter,356
787,Darian,295,Katalina,356
788,Enoch,294,Taliyah,355
789,Mayson,294,Amaris,354
790,Neymar,294,Emerie,354
791,Giovani,293,Martha,354
792,Alfonso,292,Thalia,354
793,Duncan,292,Christine,352
794,Anders,291,Estrella,352
795,Braeden,291,Brenna,351
796,Dwayne,291,Milania,351
797,Keagan,291,Salma,351
798,Felipe,290,Lillianna,350
799,Fisher,289,Marjorie,350
800,Stefan,289,Shayla,349
801,Trace,287,Zendaya,349
802,Aydin,286,Aurelia,348
803,Anson,285,Brenda,348
804,Clyde,284,Julieta,348
805,Blaise,283,Adilynn,346
806,Canaan,283,Deborah,346
807,Maxton,283,Keyla,346
808,Alexzander,281,Patricia,346
809,Billy,281,Emmeline,345
810,Harold,281,Hadlee,345
811,Baylor,280,Giovanna,344
812,Gordon,277,Kailee,344
813,Rene,276,Desiree,342
814,Terrence,276,Casey,341
815,Vincenzo,276,Karlie,341
816,Kamdyn,275,Khaleesi,341
817,Marlon,275,Lara,341
818,Castiel,274,Tori,341
819,Lamar,274,Clementine,340
820,Augustine,273,Nancy,340
821,Jamie,273,Simone,340
822,Eugene,272,Ayleen,339
823,Harlan,271,Estelle,339
824,Kase,271,Celine,338
825,Miller,271,Madyson,338
826,Van,271,Zaniyah,338
827,Kolby,270,Adley,337
828,Sonny,270,Amalia,337
829,Emory,269,Paityn,337
830,Junior,269,Kathleen,336
831,Graysen,268,Sandra,336
832,Heath,268,Lizbeth,335
833,Rogelio,268,Maleah,334
834,Will,268,Micah,334
835,Amare,267,Aryana,333
836,Ameer,267,Hailee,333
837,Camdyn,267,Aiyana,332
838,Jerome,267,Joyce,332
839,Maison,267,Ryann,332
840,Micheal,266,Caylee,331
841,Cristiano,265,Kalani,331
842,Giancarlo,265,Marisol,331
843,Henrik,265,Nathaly,331
844,Lochlan,265,Briar,330
845,Bode,263,Holland,329
846,Camron,263,Lindsay,328
847,Houston,263,Remy,328
848,Otis,263,Adrienne,327
849,Hugh,262,Azariah,326
850,Kannon,262,Harlee,326
851,Konnor,262,Dana,325
852,Emmet,261,Frida,325
853,Kamryn,261,Marianna,325
854,Maximo,261,Yamileth,325
855,Adrien,260,Chana,324
856,Cedric,260,Kaya,324
857,Dariel,260,Lina,324
858,Landry,260,Celia,323
859,Leighton,260,Analia,322
860,Magnus,260,Hana,322
861,Draven,259,Jayde,321
862,Javon,259,Joslyn,321
863,Marley,259,Romina,321
864,Zavier,259,Anabella,320
865,Markus,258,Barbara,320
866,Justus,256,Bryleigh,319
867,Reyansh,255,Emilie,319
868,Rudy,255,Nathalia,319
869,Santana,255,Ally,318
870,Misael,254,Evalyn,318
871,Abdiel,253,Bonnie,317
872,Davian,253,Zaria,317
873,Zaire,253,Carla,316
874,Jordy,252,Estella,316
875,Reginald,252,Kailani,316
876,Benton,251,Rivka,316
877,Darwin,251,Rylan,316
878,Franco,251,Paulina,314
879,Jairo,251,Kayden,313
880,Jonathon,251,Giana,312
881,Reuben,251,Yareli,312
882,Urijah,251,Kaiya,310
883,Vivaan,251,Sariah,310
884,Brent,250,Avalynn,309
885,Gauge,250,Jasmin,309
886,Vaughn,249,Aya,308
887,Coleman,248,Jewel,308
888,Zaid,248,Kristen,308
889,Terrell,247,Paula,308
890,Kenny,246,Astrid,307
891,Brice,245,Jordynn,307
892,Lyric,244,Kenya,307
893,Judson,243,Ann,306
894,Shiloh,243,Annalee,306
895,Damari,242,Kai,306
896,Kalel,242,Kiley,305
897,Braiden,240,Marleigh,305
898,Brenden,240,Julianne,304
899,Coen,240,Zion,304
900,Denver,240,Emmaline,303
901,Javion,240,Nataly,303
902,Thatcher,240,Aminah,302
903,Rey,239,Amya,302
904,Dilan,238,Iliana,302
905,Dimitri,237,Jaida,302
906,Immanuel,237,Paloma,302
907,Mustafa,237,Asia,301
908,Ulises,237,Louisa,301
909,Alvaro,236,Sarahi,301
910,Dominique,236,Tara,301
911,Eliseo,236,Andi,300
912,Anakin,235,Arden,300
913,Craig,235,Dalary,300
914,Dario,234,Aimee,299
915,Santos,234,Alisson,299
916,Grey,233,Halle,299
917,Ishaan,233,Aitana,298
918,Jessie,232,Landry,297
919,Jonael,232,Alisha,296
920,Alfred,231,Elin,296
921,Tyrone,231,Maliah,296
922,Valentin,231,Belen,295
923,Jadon,230,Briley,295
924,Turner,230,Raina,294
925,Ignacio,229,Vienna,294
926,Riaan,229,Esperanza,293
927,Rocky,229,Judith,292
928,Ephraim,228,Faye,291
929,Marquis,228,Susan,290
930,Musa,227,Aliya,289
931,Keenan,226,Aranza,289
932,Ridge,226,Yasmin,289
933,Chace,225,Jaylin,288
934,Kymani,225,Kyndall,288
935,Rodolfo,225,Saniyah,288
936,Darrell,224,Wendy,288
937,Steve,224,Yaritza,288
938,Agustin,223,Azaria,287
939,Jaziel,223,Kaelynn,287
940,Boone,220,Neriah,287
941,Cairo,220,Zainab,287
942,Kashton,220,Alissa,286
943,Rashad,220,Cherish,286
944,Gibson,219,Dixie,286
945,Jabari,219,Veda,286
946,Avi,218,Nala,285
947,Quintin,218,Tabitha,285
948,Seamus,218,Cordelia,284
949,Rolando,217,Ellison,284
950,Sutton,217,Meilani,284
951,Camilo,216,Angeline,283
952,Triston,216,Reina,283
953,Yehuda,216,Tegan,283
954,Cristopher,215,Hadleigh,282
955,Davin,215,Harmoni,282
956,Ernest,215,Kimora,282
957,Jamarion,215,Ingrid,281
958,Kamren,215,Lilia,281
959,Salvatore,215,Luz,281
960,Anton,214,Aislinn,280
961,Aydan,214,America,280
962,Huxley,214,Ellis,280
963,Jovani,214,Elora,280
964,Wilder,214,Heather,280
965,Bodie,213,Natalee,280
966,Jordyn,213,Miya,279
967,Louie,213,Heavenly,278
968,Achilles,212,Jenny,278
969,Kaeden,212,Aubriella,277
970,Kamron,212,Emmalee,277
971,Aarush,211,Kensington,277
972,Deangelo,211,Kiana,277
973,Robin,211,Lilyanna,277
974,Yadiel,211,Tinley,277
975,Yahya,211,Ophelia,276
976,Boden,209,Moriah,275
977,Ean,209,Sharon,275
978,Kye,209,Charlize,274
979,Kylen,209,Abril,273
980,Todd,209,Avalyn,273
981,Truman,209,Mariyah,273
982,Chevy,208,Taya,273
983,Gilbert,208,Ireland,272
984,Haiden,208,Lyra,272
985,Brixton,207,Noor,272
986,Dangelo,207,Sariyah,272
987,Juelz,207,Giavanna,271
988,Osvaldo,207,Stevie,271
989,Bishop,206,Rhea,270
990,Freddy,206,Zaylee,270
991,Reagan,206,Denise,269
992,Frankie,205,Frankie,269
993,Malaki,205,Janiya,269
994,Camren,204,Jocelynn,269
995,Deshawn,204,Libby,269
996,Jayvion,204,Aubrianna,268
997,Leroy,204,Kaitlynn,268
998,Briar,203,Princess,267
999,Jaydon,203,Sidney,267
1000,Antoine,202,Alianna,266