1,Jacob,19045,Sophia,22279
2,Mason,18953,Emma,20914
3,Ethan,17644,Isabella,19082
4,Noah,17323,Olivia,17296
5,William,16856,Ava,15518
6,Liam,16785,Emily,13631
7,Michael,16124,Abigail,12679
8,Jayden,16099,Mia,12004
9,Alexander,15219,Madison,11380
10,Aiden,14873,Elizabeth,9685
11,Daniel,14251,Chloe,9647
12,Matthew,13952,Ella,9185
13,Elijah,13833,Avery,8313
14,James,13393,Addison,8170
15,Anthony,13173,Aubrey,8039
16,Benjamin,12807,Lily,7950
17,Joshua,12632,Natalie,7887
18,Andrew,12599,Sofia,7823
19,Joseph,12524,Charlotte,7471
20,David,12507,Zoey,7457
21,Jackson,12468,Grace,7365
22,Logan,12455,Hannah,7269
23,Christopher,11873,Amelia,7238
24,Gabriel,11538,Harper,7184
25,Samuel,11433,Lillian,7150
26,Ryan,10931,Samantha,6916
27,Lucas,10692,Evelyn,6870
28,John,10607,Victoria,6853
29,Nathan,10406,Brooklyn,6776
30,Isaac,10032,Zoe,6445
31,Dylan,9979,Layla,6255
32,Caleb,9943,Hailey,5902
33,Christian,9603,Leah,5762
34,Jonathan,9343,Kaylee,5607
35,Landon,9335,Anna,5604
36,Carter,9246,Aaliyah,5499
37,Luke,8998,Gabriella,5487
38,Owen,8684,Allison,5417
39,Brayden,8492,Nevaeh,5368
40,Gavin,8247,Alexis,5341
41,Wyatt,8207,Audrey,5294
42,Isaiah,8136,Savannah,5183
43,Henry,8061,Sarah,5174
44,Eli,8051,Alyssa,5080
45,Hunter,8015,Claire,4943
46,Jack,7927,Taylor,4858
47,Evan,7890,Riley,4820
48,Jordan,7791,Camila,4789
49,Nicholas,7726,Arianna,4709
50,Tyler,7687,Ashley,4696
51,Aaron,7519,Brianna,4631
52,Jeremiah,7458,Sophie,4568
53,Julian,7364,Peyton,4464
54,Cameron,7350,Bella,4337
55,Levi,7211,Khloe,4305
56,Brandon,7023,Genesis,4295
57,Angel,7013,Alexa,4290
58,Austin,6988,Serenity,4217
59,Connor,6970,Kylie,4166
60,Adrian,6932,Aubree,4043
61,Robert,6929,Scarlett,4041
62,Charles,6925,Stella,3996
63,Thomas,6830,Maya,3964
64,Sebastian,6726,Katherine,3946
65,Colton,6347,Julia,3874
66,Jaxon,6298,Lucy,3806
67,Zachary,6248,Madelyn,3792
68,Ayden,6217,Autumn,3768
69,Kevin,6215,Makayla,3762
70,Dominic,6174,Kayla,3760
71,Blake,6029,Mackenzie,3753
72,Jose,6028,Lauren,3655
73,Oliver,5913,Gianna,3617
74,Justin,5877,Ariana,3576
75,Bentley,5861,Faith,3527
76,Jason,5734,Alexandra,3479
77,Chase,5682,Melanie,3463
78,Ian,5681,Sydney,3450
79,Josiah,5502,Naomi,3415
80,Xavier,5356,Caroline,3413
81,Parker,5353,Bailey,3401
82,Adam,5307,Morgan,3396
83,Cooper,5191,Ellie,3383
84,Nathaniel,4771,Kennedy,3381
85,Jace,4711,Jasmine,3371
86,Grayson,4706,Eva,3356
87,Carson,4590,Skylar,3340
88,Nolan,4424,Kimberly,3311
89,Tristan,4417,Violet,3272
90,Luis,4364,Molly,3254
91,Brody,4356,Trinity,3230
92,Juan,4279,Aria,3227
93,Hudson,4216,Jocelyn,3225
94,Bryson,4025,London,3196
95,Carlos,4002,Lydia,3163
96,Easton,3938,Madeline,3158
97,Kayden,3858,Reagan,3085
98,Damian,3852,Piper,3060
99,Alex,3849,Annabelle,3050
100,Ryder,3807,Andrea,3042
101,Jesus,3779,Maria,3029
102,Cole,3775,Brooke,2969
103,Micah,3756,Payton,2934
104,Vincent,3725,Paisley,2917
105,Max,3691,Ruby,2910
106,Jaxson,3653,Paige,2906
107,Eric,3623,Nora,2886
108,Asher,3554,Mariah,2878
109,Hayden,3532,Rylee,2793
110,Diego,3334,Lilly,2780
111,Miles,3262,Brielle,2764
112,Steven,3233,Jade,2733
113,Ivan,3226,Destiny,2705
114,Maxwell,3225,Nicole,2651
115,Elias,3219,Mila,2639
116,Aidan,3213,Kendall,2623
117,Bryce,3177,Liliana,2618
118,Antonio,3109,Kaitlyn,2596
119,Timothy,3104,Sadie,2587
120,Giovanni,3085,Natalia,2585
121,Bryan,3076,Mary,2566
122,Santiago,3046,Jordyn,2563
123,Colin,3021,Vanessa,2550
124,Richard,3014,Mya,2535
125,Braxton,3000,Penelope,2530
126,Kaleb,2986,Alice,2499
127,Kyle,2960,Isabelle,2498
128,Jonah,2943,Reese,2459
129,Kaden,2941,Hadley,2417
130,Miguel,2937,Gabrielle,2416
131,Preston,2934,Katelyn,2412
132,Lincoln,2904,Rachel,2409
133,Riley,2876,Angelina,2396
134,Leo,2871,Isabel,2380
135,Victor,2864,Eleanor,2375
136,Brady,2857,Clara,2332
137,Mateo,2835,Jessica,2327
138,Jeremy,2833,Brooklynn,2320
139,Jaden,2821,Elena,2270
140,Brian,2811,Vivian,2258
141,Patrick,2808,Sara,2252
142,Ashton,2806,Aliyah,2251
143,Declan,2780,Laila,2246
144,Joel,2770,Eliana,2245
145,Sean,2770,Amy,2233
146,Gael,2743,Lyla,2222
147,Sawyer,2735,Juliana,2215
148,Alejandro,2724,Adriana,2147
149,Marcus,2712,Valeria,2141
150,Jesse,2692,Elise,2121
151,Caden,2687,Makenzie,2121
152,Leonardo,2682,Mckenzie,2114
153,Jake,2673,Quinn,2106
154,Kaiden,2660,Delilah,2088
155,Wesley,2641,Cora,2079
156,Camden,2595,Kylee,2048
157,Edward,2589,Rebecca,2008
158,Brantley,2576,Gracie,1997
159,Roman,2569,Izabella,1965
160,Silas,2491,Josephine,1948
161,Jude,2480,Eden,1934
162,Axel,2474,Alaina,1930
163,Grant,2467,Michelle,1926
164,Cayden,2371,Jennifer,1922
165,Emmanuel,2342,Catherine,1905
166,George,2333,Aurora,1902
167,Maddox,2309,Valentina,1901
168,Malachi,2307,Stephanie,1882
169,Bradley,2289,Valerie,1862
170,Alan,2282,Jayla,1840
171,Weston,2282,Willow,1821
172,Gage,2266,Hazel,1784
173,Greyson,2235,Daisy,1781
174,Devin,2234,Melody,1781
175,Kenneth,2213,Alana,1777
176,Mark,2199,Margaret,1773
177,Oscar,2192,Summer,1772
178,Tanner,2178,Melissa,1770
179,Rylan,2169,Kinsley,1750
180,Nicolas,2129,Kinley,1747
181,Harrison,2122,Ariel,1731
182,Derek,2113,Lila,1726
183,Ezra,2083,Giselle,1709
184,Peyton,2074,Ryleigh,1709
185,Tucker,2039,Haley,1708
186,Emmett,2023,Ivy,1692
187,Avery,2011,Julianna,1692
188,Cody,2004,Alivia,1689
189,Calvin,1963,Brynn,1655
190,Abraham,1950,Keira,1648
191,Paul,1947,Kate,1642
192,Abel,1944,Aniyah,1638
193,Andres,1944,Angela,1636
194,Theodore,1941,Daniela,1636
195,Jorge,1939,Londyn,1619
196,Kai,1936,Harmony,1615
197,Collin,1931,Hayden,1612
198,Ezekiel,1930,Adalyn,1608
199,Omar,1917,Megan,1558
200,Jayce,1908,Allie,1545
201,Bennett,1907,Gabriela,1544
202,Conner,1899,Alayna,1540
203,Trevor,1874,Presley,1535
204,Peter,1861,Jenna,1521
205,Eduardo,1857,Alexandria,1516
206,Maximus,1843,Ashlyn,1510
207,Jaiden,1822,Jada,1509
208,Jameson,1817,Adrianna,1503
209,Seth,1810,Fiona,1502
210,Kingston,1772,Norah,1501
211,Javier,1770,Emery,1483
212,Travis,1751,Amaya,1474
213,Garrett,1741,Miranda,1470
214,Everett,1736,Maci,1469
215,Graham,1715,Ximena,1462
216,Xander,1711,Cecilia,1461
217,Cristian,1670,Ana,1454
218,Damien,1660,Hope,1447
219,Griffin,1651,Shelby,1444
220,Ryker,1648,Katie,1442
221,Corbin,1617,Jordan,1420
222,Luca,1615,Callie,1415
223,Myles,1615,Luna,1412
224,Zane,1588,Eliza,1411
225,Francisco,1566,Leilani,1408
226,Ricardo,1564,Mckenna,1397
227,Stephen,1561,Angel,1396
228,Alexis,1560,Genevieve,1388
229,Zayden,1554,Isla,1385
230,Iker,1542,Makenna,1384
231,Drake,1541,Lola,1378
232,Lukas,1539,Danielle,1371
233,Spencer,1532,Leila,1362
234,Charlie,1530,Tessa,1359
235,Zion,1528,Chelsea,1356
236,Erick,1519,Adelyn,1348
237,Josue,1513,Adeline,1342
238,Chance,1508,Camille,1339
239,Trenton,1505,Mikayla,1337
240,Jeffrey,1504,Esther,1334
241,Elliot,1497,Adalynn,1330
242,Paxton,1495,Sienna,1324
243,Fernando,1481,Jacqueline,1319
244,Shane,1471,Arabella,1312
245,Landen,1470,Emerson,1311
246,Keegan,1468,Athena,1304
247,Amir,1464,Lucia,1303
248,Manuel,1462,Maggie,1302
249,Zander,1462,Lexi,1297
250,Andre,1455,Ayla,1289
251,Raymond,1454,Alexia,1283
252,Israel,1446,Diana,1283
253,Mario,1442,Josie,1274
254,Simon,1442,Juliet,1270
255,Cesar,1434,Addyson,1266
256,Jaylen,1430,Allyson,1266
257,King,1430,Delaney,1259
258,Johnathan,1401,Rose,1245
259,Troy,1385,Teagan,1243
260,Dean,1376,Marley,1239
261,Clayton,1362,Amber,1231
262,Dominick,1360,Amanda,1228
263,Jasper,1347,Erin,1228
264,Martin,1347,Kathryn,1226
265,Tyson,1347,Kayleigh,1224
266,Kyler,1327,Leslie,1219
267,Hector,1323,Emilia,1211
268,Edgar,1316,Kelsey,1211
269,Cash,1314,Kenzie,1203
270,Marco,1304,Alina,1201
271,Edwin,1303,Kaydence,1196
272,Judah,1295,Alicia,1195
273,Shawn,1294,Sabrina,1188
274,Donovan,1270,Alison,1182
275,Andy,1268,Paris,1182
276,Kameron,1267,Lilliana,1175
277,Elliott,1262,Ashlynn,1174
278,Dante,1250,Sierra,1161
279,Braylon,1248,Laura,1140
280,Anderson,1247,Cassidy,1135
281,Drew,1235,Iris,1132
282,Sergio,1233,Alondra,1125
283,Johnny,1232,Christina,1121
284,Cruz,1229,Kyla,1114
285,Dalton,1228,Carly,1109
286,Rafael,1228,Jillian,1101
287,Gregory,1226,Madilyn,1098
288,Skyler,1225,Evangeline,1095
289,Lane,1223,Cadence,1091
290,Erik,1215,Madeleine,1091
291,Finn,1214,Kyleigh,1089
292,Reid,1204,Nina,1088
293,Gunner,1199,Nadia,1084
294,Jared,1198,Lyric,1082
295,Caiden,1190,Raegan,1081
296,Holden,1176,Giuliana,1072
297,Emilio,1170,Georgia,1065
298,Fabian,1160,Briana,1063
299,Aden,1151,Elliana,1060
300,Brendan,1147,Phoebe,1059
301,Rowan,1146,Haylee,1058
302,Emiliano,1137,Fatima,1057
303,Braden,1134,Yaretzi,1057
304,Jase,1125,Selena,1046
305,Jax,1121,Charlie,1045
306,Emanuel,1093,Miriam,1042
307,Lorenzo,1087,Abby,1036
308,Roberto,1073,Annabella,1036
309,Amari,1072,Dakota,1035
310,Beau,1066,Juliette,1032
311,Angelo,1063,Lilah,1031
312,Louis,1056,Bianca,1027
313,Derrick,1051,Daniella,1027
314,Beckett,1041,Noelle,1026
315,Felix,1038,Mariana,1024
316,Dawson,1034,Parker,1024
317,Pedro,1016,Veronica,1019
318,Brennan,1010,Gemma,1014
319,Frank,985,Cheyenne,1012
320,Quinn,984,Marissa,1000
321,Dallas,979,Heaven,993
322,Romeo,978,Vivienne,988
323,Maximiliano,977,Joanna,967
324,Joaquin,970,Brynlee,965
325,Waylon,967,Aubrie,962
326,Milo,966,Mallory,959
327,Braylen,964,Journey,954
328,Allen,957,Nyla,952
329,Colt,957,Tatum,948
330,Ruben,955,Cali,944
331,Dakota,953,Jazmine,943
332,Julius,949,Carmen,938
333,August,945,Gia,937
334,Grady,943,Macy,933
335,Cohen,937,Anastasia,931
336,Brock,936,Elaina,930
337,Kellen,932,Heidi,930
338,Brycen,926,Ainsley,929
339,Desmond,923,Baylee,929
340,Malik,911,Jane,927
341,Colby,907,Miley,927
342,Nehemiah,905,Ruth,925
343,Leland,895,Raelynn,924
344,Marcos,892,Alessandra,922
345,Jett,891,Adelaide,919
346,Ty,887,Kiara,919
347,Marshall,885,Camryn,915
348,Karter,883,Hanna,914
349,Taylor,883,Finley,911
350,Phillip,881,Maddison,906
351,Corey,874,Lia,904
352,Adan,868,Bethany,901
353,Ali,868,Malia,897
354,Dillon,868,Karen,894
355,Arthur,865,Jayda,891
356,Leon,857,Jazmin,891
357,Maverick,856,Kelly,891
358,Titus,849,Esmeralda,882
359,Brooks,848,Kira,882
360,Tristen,843,Lena,876
361,Dexter,841,Kamryn,866
362,Keith,839,Eloise,860
363,Emerson,836,Kamila,860
364,Karson,835,Olive,859
365,Landyn,828,Kara,857
366,Pablo,825,Karina,857
367,Armando,821,Rylie,853
368,Enrique,820,Elisa,848
369,Knox,820,Nayeli,847
370,Cade,816,Tiffany,847
371,Gerardo,816,Macie,842
372,Reed,816,Skyler,836
373,Kellan,812,Angelica,832
374,Jayson,807,Addisyn,829
375,Barrett,804,Annie,829
376,Walter,800,Briella,825
377,Dustin,798,Caitlyn,825
378,Ronald,795,Amiyah,824
379,Kolton,792,Jayden,823
380,Phoenix,792,Charlee,822
381,Trent,788,Elle,822
382,Ismael,776,Fernanda,822
383,Scott,775,Maliyah,822
384,Julio,774,Crystal,816
385,Danny,773,Julie,816
386,Kason,769,Imani,807
387,Tate,765,Kendra,804
388,Jay,764,Talia,802
389,Messiah,764,Angelique,797
390,Gideon,761,Jazlyn,791
391,Esteban,759,Lucille,788
392,Trey,758,Elsie,786
393,Abram,755,Alejandra,785
394,Keaton,748,Emely,785
395,Jakob,739,Guadalupe,785
396,Devon,731,Anya,783
397,Jaime,731,April,782
398,Braydon,730,Madelynn,777
399,Izaiah,727,Myla,776
400,Darius,725,Breanna,774
401,Donald,724,Julissa,774
402,Albert,722,Scarlet,773
403,Raul,721,Helen,772
404,Archer,720,Rosalie,771
405,River,718,Brittany,767
406,Colten,715,Madisyn,767
407,Damon,715,Kyra,766
408,Philip,714,Brylee,765
409,Atticus,710,Jayleen,762
410,Gustavo,707,Karla,760
411,Walker,707,Arielle,759
412,Matteo,706,Arya,759
413,Randy,694,Miracle,759
414,Saul,687,Kailey,757
415,Rocco,685,Harley,756
416,Davis,684,Sarai,756
417,Enzo,680,Kaelyn,753
418,Noel,680,Cynthia,748
419,Orion,675,Kali,747
420,Jamari,672,Aleah,746
421,Remington,668,Daphne,743
422,Bruce,667,Cassandra,742
423,Darren,666,Marilyn,742
424,Dennis,658,Caitlin,740
425,Russell,656,Holly,740
426,Larry,655,Janelle,737
427,Mathew,655,Katelynn,734
428,Tony,652,Kaylie,730
429,Chris,647,Itzel,729
430,Porter,642,Carolina,722
431,Armani,638,Michaela,722
432,Rodrigo,638,Monica,720
433,Zachariah,637,Haven,718
434,Hugo,636,Bristol,716
435,Zaiden,635,June,715
436,Ari,634,Jamie,713
437,Kade,634,Janiyah,713
438,Solomon,633,Rebekah,712
439,Kamden,630,Serena,712
440,Quentin,628,Camilla,707
441,Mohamed,625,Tiana,707
442,Curtis,624,Lana,706
443,Issac,618,Audrina,704
444,Leonel,618,Nylah,702
445,Jerry,615,Skye,702
446,Khalil,614,Dayana,701
447,Alberto,610,Savanna,699
448,Gianni,607,Braelyn,698
449,Alec,606,Sasha,694
450,Gunnar,602,Raelyn,693
451,Moises,602,Madalyn,691
452,Adriel,599,Perla,688
453,Lawrence,599,Bridget,683
454,Alijah,597,Rowan,683
455,Chandler,595,Logan,682
456,Prince,593,Aniya,681
457,Ronan,593,Mckinley,680
458,Payton,592,Averie,678
459,Ricky,592,Joselyn,678
460,Arturo,588,Hayley,677
461,Maximilian,588,Jaylah,677
462,Orlando,588,Aylin,675
463,Cason,587,Nia,674
464,Jimmy,586,Lilian,672
465,Mitchell,586,Adelynn,670
466,Malcolm,584,Jaliyah,669
467,Jonas,582,Kassidy,665
468,Muhammad,582,Kaylin,665
469,Cyrus,581,Kadence,655
470,Jalen,579,Celeste,654
471,Kasen,578,Jaelyn,650
472,Marvin,578,Anaya,647
473,Warren,577,Tatiana,647
474,Mauricio,576,Lilyana,646
475,Rhys,576,Zariah,645
476,Dane,570,Jimena,641
477,Kendrick,570,Sloane,640
478,Pierce,570,Cataleya,639
479,Ryland,570,Catalina,639
480,Johan,565,Viviana,639
481,Rory,564,Johanna,638
482,Uriel,559,Courtney,636
483,Casey,556,Melany,633
484,Reece,556,Amari,632
485,Bryant,555,Francesca,632
486,Major,555,Ada,631
487,Ibrahim,549,Anabelle,631
488,Nikolas,549,Priscilla,626
489,Sullivan,548,Danna,625
490,Finnegan,547,Alanna,624
491,Arjun,544,Sage,624
492,Royce,541,Kailyn,621
493,Alfredo,540,Lacey,621
494,Ahmed,539,Angie,620
495,Lance,538,Joy,619
496,Jamison,535,Lillie,617
497,Amare,533,Caylee,616
498,Brenden,533,Brinley,613
499,Ramon,533,Kenley,613
500,Dominik,532,Vera,613
501,Brayan,530,Bailee,610
502,Maurice,530,Amira,609
503,Kristopher,527,Erica,608
504,Mekhi,527,Aspen,603
505,Case,526,Skyla,603
506,Kobe,523,Aileen,602
507,Zackary,520,Annalise,601
508,Rhett,519,Emmalyn,600
509,Deandre,518,Gracelyn,599
510,Jensen,518,Danica,597
511,Jaxton,517,Kennedi,597
512,Tobias,514,Dylan,593
513,Isaias,513,Kiley,593
514,Channing,511,Gwendolyn,591
515,Justice,509,Lauryn,589
516,Talon,509,Jasmin,588
517,Ezequiel,508,Justice,585
518,Yahir,508,Aleena,584
519,Sam,507,Tenley,581
520,Kash,506,Annabel,580
521,Alvin,502,Gloria,580
522,Jacoby,501,Dahlia,579
523,Moshe,499,Lexie,579
524,Nash,499,Lindsey,577
525,Nico,498,Hallie,576
526,Ace,497,Sylvia,576
527,Quinton,494,Lorelei,572
528,Cannon,492,Selah,572
529,Franklin,492,Annika,571
530,Beckham,491,Marlee,571
531,Joe,491,Aryanna,570
532,Lawson,491,Elyse,570
533,Gary,490,Maeve,570
534,Raiden,489,Kenya,568
535,Raylan,487,Natasha,565
536,Boston,486,Adele,564
537,Carl,486,Kaliyah,561
538,Aldo,485,Brenda,560
539,Frederick,485,Erika,556
540,London,485,Alyson,554
541,Moses,481,Braylee,551
542,Byron,480,Raven,551
543,Terry,479,Ariella,550
544,Ernesto,478,Emilee,550
545,Eddie,477,Liana,545
546,Kane,477,Blakely,544
547,Finley,476,Jaycee,541
548,Reese,475,Sawyer,541
549,Kelvin,473,Anahi,540
550,Clark,472,Elsa,540
551,Salvador,472,Jaelynn,540
552,Cullen,471,Zara,536
553,Madden,470,Cameron,534
554,Wade,470,Farrah,534
555,Jagger,468,Luciana,531
556,Kieran,468,Evelynn,530
557,Mohammed,467,Eve,528
558,Nelson,464,Helena,527
559,Dorian,463,Madilynn,526
560,Korbin,463,Anne,525
561,Nasir,462,Kaia,521
562,Asa,461,Estrella,520
563,Roy,461,Whitney,520
564,Roger,458,Leighton,519
565,Matias,457,Nataly,519
566,Nickolas,455,Lainey,516
567,Alonzo,453,Zoie,516
568,Jaxen,452,Amara,514
569,Skylar,452,Marie,514
570,Callen,451,Anabella,513
571,Douglas,450,Malaysia,513
572,Malakai,450,Samara,512
573,Uriah,449,Phoenix,511
574,Conor,446,Amani,510
575,Ahmad,444,Dulce,508
576,Bentlee,443,Harlow,507
577,Carmelo,443,Regina,507
578,Blaine,442,Virginia,507
579,Braeden,442,Ember,506
580,Kayson,442,Paola,506
581,Kristian,442,Aisha,503
582,Morgan,441,Anika,501
583,Julien,440,Jaylee,501
584,Nathanael,438,Ally,497
585,Keagan,436,Kayden,497
586,Aarav,435,Alani,496
587,Lucian,435,Miah,496
588,Terrance,435,Mikaela,495
589,Chad,434,Journee,494
590,Benson,433,Yareli,494
591,Noe,431,Kiera,493
592,Francis,429,Nathalie,493
593,Rodney,429,Liberty,488
594,Layne,428,Claudia,485
595,Zayne,425,Jaylynn,485
596,Brett,424,Charley,484
597,Mohammad,424,Cecelia,483
598,Tatum,422,Litzy,483
599,Wilson,422,Aliya,482
600,Dayton,421,Madyson,479
601,Kian,420,Rosemary,478
602,Marc,419,Evie,475
603,Braiden,418,Braelynn,474
604,Nikolai,418,Ciara,474
605,Rohan,417,Myah,472
606,Harper,416,Lea,470
607,Luciano,414,Lizbeth,470
608,Kamari,409,Shayla,470
609,Ellis,403,Jazlynn,468
610,Joey,403,Teresa,468
611,Layton,403,Giana,467
612,Camron,402,Isis,467
613,Santino,402,Ryan,467
614,Winston,398,Rosa,466
615,Xzavier,398,Desiree,464
616,Demetrius,395,Elisabeth,464
617,Jefferson,393,Gracelynn,464
618,Guillermo,392,Abbigail,461
619,Neil,391,Isabela,460
620,Bowen,390,Nova,459
621,Daxton,388,Mariam,458
622,Melvin,388,Arely,457
623,Soren,388,Brenna,457
624,Jon,387,Emersyn,457
625,Raphael,387,Dana,455
626,Sylas,387,Kaylynn,455
627,Quincy,386,Laylah,455
628,Shaun,386,Raquel,455
629,Tommy,385,Siena,454
630,Brodie,384,Amelie,453
631,Rex,384,Clarissa,453
632,Yusuf,384,Laney,453
633,Harley,381,Halle,449
634,Dax,379,Lilianna,448
635,Trace,377,Linda,448
636,Bently,375,Lylah,448
637,Lewis,375,Maleah,448
638,Luka,375,Jessie,447
639,Adonis,374,Madalynn,446
640,Odin,373,Shiloh,446
641,Giovani,372,Sherlyn,445
642,Jeffery,372,Greta,444
643,Kylan,372,Kenia,442
644,Kendall,369,Marina,440
645,Willie,369,Bria,439
646,Cory,367,Sariah,438
647,Davion,367,Amiya,437
648,Tripp,367,Melina,437
649,Vihaan,366,Mollie,437
650,Arian,365,Natalee,437
651,Emery,365,Nancy,436
652,Jamarion,365,Felicity,435
653,Jonathon,364,Irene,434
654,Nixon,364,Zuri,434
655,Jermaine,362,Christine,433
656,Rayan,362,Simone,432
657,Zechariah,361,Matilda,430
658,Emmitt,359,Amya,429
659,Reginald,359,Kristen,428
660,Tomas,358,Kathleen,426
661,Hamza,356,Colette,425
662,Micheal,356,Mira,425
663,Ayaan,355,Paityn,425
664,Billy,355,Alayah,424
665,Urijah,354,Janessa,424
666,Lee,353,Janiya,424
667,Crosby,352,Kallie,424
668,Deacon,352,Meredith,423
669,Jasiah,352,Hailee,421
670,Landry,352,Aiyana,420
671,Mathias,352,Leia,419
672,Toby,352,Noemi,419
673,Will,352,Tori,419
674,Aryan,351,Aliana,418
675,Tristian,349,Alissa,415
676,Eden,348,Ivanna,415
677,Felipe,348,Joslyn,415
678,Sterling,348,Mariyah,415
679,Terrell,348,Maryam,415
680,Triston,348,Sandra,414
681,Matthias,347,Danika,412
682,Aron,346,Saniyah,412
683,Gerald,346,Kassandra,411
684,Makai,346,Denise,410
685,Yosef,346,Charleigh,409
686,Hank,345,Emelia,409
687,Jamal,345,Jemma,409
688,Maxim,345,River,409
689,Niko,344,Amina,407
690,Branson,343,Jaylene,406
691,Alessandro,342,Karlee,406
692,Jaydon,342,Kristina,406
693,Hayes,340,Armani,405
694,Allan,339,Chaya,405
695,Augustus,339,Beatrice,404
696,Chaim,339,Ansley,403
697,Flynn,339,Blake,402
698,Kody,339,Cara,402
699,Marlon,339,Iliana,402
700,Mayson,339,Addilyn,401
701,Jessie,338,Kaitlynn,401
702,Neymar,338,Elaine,400
703,Aydan,337,Lailah,400
704,Adrien,336,Mckayla,399
705,Jerome,336,Briley,398
706,Leonard,336,Hattie,398
707,Sincere,336,Mercedes,398
708,Terrence,336,Adelina,397
709,Kyson,334,Lindsay,396
710,Jadiel,333,Lisa,395
711,Omari,333,Marisol,395
712,Vicente,332,Patricia,394
713,Bobby,331,Bryanna,392
714,Kole,331,Willa,388
715,Aydin,330,Adrienne,387
716,Zain,330,Taliyah,387
717,Alexzander,329,Maia,386
718,Ronnie,329,Charli,384
719,Kale,325,Emmy,384
720,Harry,324,Kourtney,384
721,Sage,324,Leyla,384
722,Ray,323,Paislee,384
723,Rogelio,323,Paula,384
724,Casen,322,Millie,383
725,Clay,321,Martha,382
726,Masen,321,Milan,382
727,Kymani,320,Reyna,381
728,Ulises,320,Ayleen,379
729,Jadon,319,Clare,379
730,Javon,319,Kensley,379
731,Brent,317,Elianna,378
732,Elisha,317,Emilie,378
733,Jovanni,315,Yasmin,378
734,Princeton,315,Aryana,377
735,Stanley,315,Adley,376
736,Conrad,314,Amirah,376
737,Darian,314,Celia,376
738,Eugene,314,Karsyn,376
739,Dwayne,313,Lorelai,376
740,Rene,313,Kailee,375
741,Roland,313,Alena,374
742,Alonso,312,Ellen,374
743,Gauge,311,Livia,374
744,Kareem,311,Leanna,373
745,Kenny,307,Rylan,373
746,Ben,306,Kiana,372
747,Abdullah,305,Kynlee,371
748,Vincenzo,304,Mae,371
749,Blaze,303,Renata,371
750,Camren,303,Galilea,370
751,Deshawn,303,Ayanna,369
752,Edison,303,Carla,369
753,Memphis,303,Chanel,369
754,Steve,303,Kimora,369
755,Teagan,303,Pearl,368
756,Brentley,302,Cindy,367
757,Osvaldo,302,Lesly,367
758,Brennen,301,Jaylin,366
759,Cedric,301,Carlee,365
760,Westin,301,Angeline,364
761,Draven,300,Edith,364
762,Marquis,300,Frances,364
763,Rayden,300,Aubri,363
764,Samir,300,Alia,362
765,Giovanny,299,Corinne,360
766,Bronson,298,Jocelynn,359
767,Jairo,298,Carolyn,358
768,Ronin,298,Cherish,358
769,Ariel,296,Wendy,357
770,Davin,296,Tabitha,356
771,Alden,294,Casey,355
772,Crew,294,Lillianna,355
773,Semaj,294,Winter,355
774,Isiah,293,Abril,354
775,Kolten,293,Jolie,354
776,Lennox,293,Lina,354
777,Davian,292,Yaritza,354
778,Jaylin,291,Zion,354
779,Craig,290,Bryn,353
780,Justus,290,Jordynn,351
781,Wayne,290,Audriana,350
782,Cain,289,Malaya,350
783,Cristopher,289,Zariyah,350
784,Bo,288,Jaida,348
785,Lamar,288,Jayde,348
786,Leonidas,288,Salma,348
787,Otto,288,Diamond,345
788,Darrell,286,Paloma,345
789,Fletcher,285,Kimber,344
790,Harvey,285,Ryann,344
791,Kolby,285,Abbie,342
792,Theo,285,Asia,337
793,Bruno,284,Destinee,337
794,Marcelo,284,Deborah,336
795,Rudy,284,Demi,336
796,Aidyn,283,Kaleigh,336
797,Alfonso,282,Yamileth,336
798,Tyrone,282,Elin,335
799,Kaeden,281,Taryn,335
800,Samson,280,Mara,334
801,Brendon,278,Tara,334
802,Tristin,278,Averi,333
803,Dominique,277,Emmalee,333
804,Kyree,277,Kaiya,333
805,Amos,276,Nola,333
806,Callum,275,Janae,332
807,Jovani,275,Aubrianna,331
808,Lionel,275,Jewel,331
809,Misael,275,Kyndall,331
810,Quintin,274,Chana,330
811,Arlo,273,Kaya,330
812,Valentino,273,Zaniyah,330
813,Giancarlo,272,Alaya,328
814,Gavyn,271,Samiyah,328
815,Lennon,271,Sonia,328
816,Jamir,270,Ariah,327
817,Junior,270,Avah,327
818,Killian,269,Heather,327
819,Zavier,269,Nathaly,327
820,Kamron,268,Regan,327
821,Leandro,267,Sharon,327
822,Hezekiah,266,Coraline,326
823,Konnor,266,Lilith,326
824,Johnathon,265,Shannon,326
825,Chace,264,Giada,325
826,Lyric,264,Julianne,325
827,Markus,264,Krystal,325
828,Ramiro,264,Eileen,324
829,Callan,263,Milania,323
830,Duncan,263,Sidney,322
831,Jordyn,263,Susan,322
832,Fisher,262,Macey,321
833,Legend,262,Rihanna,321
834,Hendrix,261,Hadassah,319
835,Kamryn,261,Paulina,319
836,Rashad,261,Temperance,319
837,Harold,260,Mina,318
838,Camilo,258,Rayne,318
839,Seamus,258,Kaitlin,317
840,Coleman,255,Maritza,317
841,Rylee,255,Raina,317
842,Vance,255,Hana,315
843,Elian,252,Aimee,314
844,Jamie,252,Charlize,314
845,Abdiel,251,Keyla,314
846,Antoine,251,Aleigha,313
847,Krish,251,Dixie,313
848,Cayson,250,Kendal,313
849,Gibson,250,Lara,313
850,Jaeden,250,Patience,313
851,Izayah,249,Zaria,313
852,Javion,249,Alannah,312
853,Van,249,Alisson,312
854,Camdyn,248,Roselyn,312
855,Branden,247,Alma,311
856,Darwin,246,Larissa,311
857,Hassan,246,Sky,311
858,Jamar,246,Taraji,311
859,Thiago,246,Elliot,310
860,Mike,245,Alyvia,309
861,Randall,245,Aviana,309
862,Brecken,244,Jenny,308
863,Heath,244,Bryleigh,307
864,Kingsley,244,Karis,307
865,Vaughn,244,Luz,307
866,Arnav,243,Moriah,307
867,Deangelo,243,Alisha,306
868,Joziah,243,Myra,306
869,Kyrie,243,Ali,305
870,Zeke,243,Blair,305
871,Jionni,242,Lilyanna,305
872,Makhi,242,Micah,305
873,Xavi,242,Ayana,304
874,Damari,241,Azaria,304
875,Ean,240,Campbell,304
876,Frankie,240,Giovanna,304
877,Konner,240,Juniper,304
878,Benton,239,Saniya,304
879,Oakley,239,Aliza,302
880,Yael,238,Emory,302
881,Bodhi,237,Lilia,302
882,Efrain,237,Karissa,301
883,Jedidiah,237,Meghan,301
884,Keenan,237,Estella,298
885,Marcel,237,Kenna,298
886,Remy,236,Abrielle,297
887,Rolando,236,Elissa,297
888,Rowen,236,Jolene,297
889,Jaycob,235,Emmaline,296
890,Maxton,235,Kairi,296
891,Todd,235,Joyce,295
892,Ishaan,234,Renee,295
893,Reagan,234,Rachael,294
894,Yousef,234,Carlie,293
895,Damarion,232,Haylie,293
896,Juelz,232,Judith,293
897,Yehuda,232,Britney,292
898,Valentin,231,Barbara,291
899,Anders,230,Yesenia,291
900,Austyn,230,Azalea,290
901,Broderick,230,Saanvi,290
902,Thaddeus,230,Dallas,289
903,Alvaro,228,Karma,289
904,Gilberto,228,America,288
905,Mustafa,228,Everly,288
906,Salvatore,228,Jaqueline,288
907,Brenton,227,Lillyana,288
908,Cale,227,Sariyah,288
909,Clinton,227,Emmalynn,287
910,Jorden,227,Leona,287
911,Derick,226,Ingrid,286
912,Donte,226,Kaelynn,285
913,Dario,225,Brisa,283
914,Freddy,225,Marianna,283
915,Jabari,225,Libby,282
916,Lucca,225,Kai,281
917,Rey,225,Annalee,280
918,Blaise,224,Mattie,279
919,Sidney,224,Deanna,278
920,Aaden,223,Evalyn,278
921,Ernest,223,Maliah,278
922,Axton,222,Miya,278
923,Deegan,222,Nahla,278
924,Maximo,222,Dorothy,277
925,Trevon,222,Kaylyn,276
926,Camryn,221,Rayna,276
927,Rodolfo,221,Araceli,275
928,Sonny,221,Cambria,275
929,Hugh,220,Haleigh,275
930,Leroy,220,Tamia,275
931,Truman,220,Thalia,275
932,Cassius,218,Saige,274
933,Agustin,217,Jakayla,273
934,Brice,217,Raylee,273
935,Brogan,217,Avianna,272
936,Demarcus,217,Charity,272
937,Zaid,217,Kaylen,272
938,Bridger,216,Belen,271
939,Eliot,216,Kailynn,271
940,Eliseo,216,Katrina,271
941,Sheldon,216,Aubrielle,270
942,Stefan,216,Bayleigh,270
943,Houston,215,Carley,270
944,Johann,215,Karlie,270
945,Tyrell,215,Natalya,270
946,Damion,214,Celine,269
947,Darryl,213,Alaysia,268
948,Alfred,212,Ann,268
949,Dariel,212,Meadow,267
950,Isai,212,Milana,267
951,Kohen,212,Monroe,267
952,Ross,212,Zahra,267
953,Rylen,212,Scarlette,266
954,Cael,211,Carissa,265
955,Santos,211,Carleigh,265
956,Davon,210,Collins,265
957,Ignacio,210,Estelle,265
958,Kaysen,210,Jazzlyn,265
959,Mack,210,Tia,265
960,Darien,209,Akira,264
961,Titan,209,Audrianna,264
962,Tyree,209,Bree,264
963,Zaire,209,Cristina,264
964,Briggs,208,Harlee,264
965,Kase,208,Kendyl,263
966,Malaki,208,Anabel,262
967,Turner,208,Azariah,262
968,Aditya,207,Cheyanne,262
969,Ameer,207,Kylah,262
970,Emory,207,Milena,262
971,Immanuel,207,Alisa,261
972,Reuben,207,Kora,261
973,Graysen,206,Laurel,261
974,Bradyn,205,Sarahi,261
975,Gaige,205,Esme,259
976,Trystan,205,Tinley,259
977,Yandel,205,Aubriana,257
978,Anton,204,Gisselle,257
979,Jaidyn,204,Kasey,257
980,Simeon,204,Kyndal,257
981,Darnell,203,Marisa,257
982,Franco,203,Sloan,257
983,Roderick,203,Kirsten,256
984,Maison,202,Annabell,255
985,Apollo,201,Cailyn,255
986,Deon,201,Izabelle,255
987,Devan,201,Jessa,255
988,Gilbert,201,Makena,255
989,Graeme,201,Marlene,255
990,Howard,201,Riya,255
991,Jael,201,Analia,254
992,Denzel,200,Devyn,254
993,Foster,200,Geraldine,254
994,Garrison,200,Mercy,254
995,Jarrett,200,Tess,254
996,Kael,200,Aurelia,253
997,Karsen,200,Aya,253
998,Mordechai,200,Dalilah,253
999,Jaylon,199,Sofie,253
1000,Kamdyn,199,Wren,253