1,Jacob,20349,Sophia,21824
2,Mason,19493,Isabella,19882
3,William,17325,Emma,18781
4,Jayden,16968,Olivia,17305
5,Noah,16845,Ava,15485
6,Michael,16760,Emily,14241
7,Ethan,16674,Abigail,13237
8,Alexander,15688,Madison,12371
9,Aiden,15477,Mia,11520
10,Daniel,15258,Chloe,10977
11,Anthony,14250,Elizabeth,10071
12,Matthew,14154,Ella,9580
13,Elijah,13942,Addison,9292
14,Joshua,13739,Natalie,8630
15,Liam,13431,Lily,8172
16,Andrew,13262,Grace,7627
17,James,13236,Samantha,7384
18,David,13208,Avery,7336
19,Benjamin,13051,Sofia,7324
20,Christopher,12983,Aubrey,7170
21,Logan,12971,Brooklyn,7158
22,Joseph,12936,Lillian,6909
23,Jackson,12388,Victoria,6880
24,Gabriel,12324,Evelyn,6704
25,Ryan,11487,Hannah,6560
26,Samuel,11334,Alexis,6511
27,John,11027,Charlotte,6421
28,Nathan,10496,Zoey,6394
29,Lucas,10391,Leah,6380
30,Christian,10304,Amelia,6363
31,Jonathan,10218,Zoe,6294
32,Caleb,10016,Hailey,6265
33,Dylan,9765,Gabriella,6086
34,Landon,9745,Nevaeh,6080
35,Isaac,9589,Layla,6074
36,Gavin,9005,Kaylee,6040
37,Brayden,9002,Alyssa,6005
38,Tyler,8824,Anna,5649
39,Luke,8697,Sarah,5547
40,Evan,8649,Allison,5460
41,Carter,8594,Savannah,5443
42,Nicholas,8584,Ashley,5398
43,Isaiah,8512,Audrey,5206
44,Owen,8329,Taylor,5187
45,Jack,8177,Brianna,5177
46,Jordan,8050,Aaliyah,5105
47,Brandon,7805,Riley,5030
48,Wyatt,7673,Camila,4968
49,Julian,7611,Khloe,4947
50,Aaron,7610,Claire,4895
51,Jeremiah,7585,Sophie,4725
52,Angel,7526,Arianna,4683
53,Cameron,7506,Peyton,4671
54,Connor,7401,Harper,4670
55,Hunter,7352,Alexa,4503
56,Adrian,7327,Makayla,4444
57,Henry,7226,Julia,4344
58,Eli,7200,Kylie,4341
59,Justin,7099,Kayla,4320
60,Austin,7022,Bella,4257
61,Charles,6974,Katherine,4184
62,Robert,6959,Lauren,4097
63,Thomas,6904,Gianna,4061
64,Zachary,6795,Maya,4013
65,Jose,6757,Sydney,3970
66,Levi,6637,Serenity,3851
67,Kevin,6555,Kimberly,3799
68,Sebastian,6540,Mackenzie,3788
69,Chase,6183,Autumn,3756
70,Ayden,6122,Jocelyn,3728
71,Jason,5834,Faith,3719
72,Ian,5616,Lucy,3697
73,Blake,5605,Jasmine,3689
74,Colton,5588,Stella,3689
75,Bentley,5564,Morgan,3666
76,Xavier,5430,Alexandra,3623
77,Dominic,5423,Trinity,3617
78,Oliver,5406,Molly,3611
79,Parker,5280,Madelyn,3602
80,Josiah,5255,Scarlett,3557
81,Adam,5199,Andrea,3507
82,Cooper,5175,Genesis,3504
83,Brody,5071,Eva,3465
84,Nathaniel,4967,Ariana,3448
85,Carson,4920,Madeline,3426
86,Jaxon,4725,Brooke,3368
87,Tristan,4721,Caroline,3364
88,Luis,4689,Bailey,3307
89,Juan,4676,Melanie,3284
90,Hayden,4588,Destiny,3256
91,Carlos,4175,Kennedy,3241
92,Nolan,4165,Maria,3215
93,Jesus,4158,Naomi,3184
94,Cole,4136,London,3163
95,Alex,4023,Payton,3145
96,Max,3952,Lydia,3082
97,Grayson,3934,Ellie,3060
98,Bryson,3929,Mariah,2979
99,Diego,3819,Aubree,2931
100,Jaden,3802,Kaitlyn,2906
101,Vincent,3793,Violet,2896
102,Easton,3760,Rylee,2870
103,Micah,3753,Lilly,2862
104,Eric,3739,Angelina,2858
105,Kayden,3729,Mya,2849
106,Jace,3722,Katelyn,2841
107,Aidan,3711,Paige,2812
108,Ryder,3700,Natalia,2798
109,Ashton,3536,Ruby,2762
110,Bryan,3517,Piper,2731
111,Riley,3454,Annabelle,2722
112,Hudson,3440,Mary,2704
113,Asher,3411,Jade,2668
114,Bryce,3357,Isabelle,2662
115,Miles,3356,Liliana,2658
116,Kaleb,3330,Nicole,2653
117,Giovanni,3316,Rachel,2653
118,Antonio,3312,Gabrielle,2620
119,Kaden,3283,Jessica,2620
120,Colin,3265,Vanessa,2616
121,Kyle,3258,Jordyn,2609
122,Brian,3233,Reagan,2605
123,Timothy,3224,Sadie,2595
124,Steven,3203,Kendall,2592
125,Sean,3182,Valeria,2536
126,Miguel,3168,Brielle,2498
127,Richard,3159,Lyla,2414
128,Ivan,3105,Isabel,2409
129,Jake,3102,Brooklynn,2408
130,Alejandro,3085,Sara,2386
131,Santiago,3070,Reese,2380
132,Joel,3050,Adriana,2318
133,Maxwell,3049,Aliyah,2294
134,Caden,3043,Jennifer,2277
135,Brady,3040,Mckenzie,2241
136,Axel,3035,Nora,2234
137,Preston,3025,Gracie,2233
138,Damian,3004,Kylee,2214
139,Elias,2985,Makenzie,2204
140,Jesse,2960,Alice,2192
141,Jaxson,2956,Laila,2192
142,Victor,2889,Izabella,2191
143,Jonah,2863,Amy,2190
144,Patrick,2861,Michelle,2177
145,Marcus,2801,Skylar,2154
146,Rylan,2756,Stephanie,2145
147,Emmanuel,2669,Juliana,2125
148,Edward,2660,Rebecca,2111
149,Leonardo,2640,Jayla,2083
150,Cayden,2567,Eleanor,2081
151,Grant,2539,Clara,2073
152,Jeremy,2520,Giselle,2036
153,Braxton,2509,Vivian,2021
154,Gage,2500,Valentina,2017
155,Jude,2474,Eliana,2009
156,Wesley,2469,Alaina,1998
157,Roman,2461,Aria,1979
158,Devin,2458,Valerie,1954
159,Mark,2425,Haley,1947
160,Camden,2407,Elena,1935
161,Kaiden,2401,Catherine,1934
162,Oscar,2374,Elise,1934
163,Malachi,2340,Lila,1920
164,Alan,2339,Megan,1910
165,George,2315,Gabriela,1908
166,Peyton,2291,Jada,1893
167,Leo,2245,Daisy,1890
168,Nicolas,2238,Penelope,1870
169,Maddox,2216,Daniela,1869
170,Kenneth,2206,Jenna,1838
171,Mateo,2202,Ashlyn,1830
172,Sawyer,2177,Delilah,1827
173,Cody,2173,Summer,1811
174,Collin,2173,Mila,1797
175,Conner,2169,Kate,1790
176,Declan,2163,Keira,1787
177,Lincoln,2158,Adrianna,1773
178,Andres,2157,Hadley,1758
179,Bradley,2156,Julianna,1734
180,Trevor,2142,Eden,1730
181,Derek,2137,Maci,1730
182,Tanner,2131,Josephine,1727
183,Silas,2106,Aurora,1722
184,Seth,2086,Melissa,1705
185,Eduardo,2082,Alana,1699
186,Paul,2067,Margaret,1698
187,Jaiden,2065,Hayden,1692
188,Jorge,2041,Quinn,1689
189,Cristian,2004,Angela,1670
190,Garrett,1939,Alivia,1665
191,Travis,1936,Katie,1665
192,Abraham,1933,Brynn,1664
193,Omar,1886,Ryleigh,1644
194,Javier,1881,Paisley,1640
195,Ezekiel,1864,Kinley,1637
196,Tucker,1838,Jordan,1634
197,Peter,1832,Aniyah,1584
198,Harrison,1828,Allie,1574
199,Damien,1824,Miranda,1567
200,Greyson,1794,Willow,1567
201,Avery,1789,Jacqueline,1559
202,Kai,1784,Melody,1557
203,Ezra,1754,Cora,1549
204,Weston,1747,Diana,1543
205,Xander,1724,Alexandria,1525
206,Jaylen,1721,Mikayla,1521
207,Corbin,1710,Danielle,1498
208,Calvin,1706,Londyn,1486
209,Fernando,1704,Addyson,1479
210,Francisco,1659,Amaya,1479
211,Jameson,1657,Hazel,1478
212,Maximus,1647,Callie,1473
213,Josue,1638,Angel,1471
214,Shane,1635,Teagan,1469
215,Chance,1629,Adalyn,1465
216,Ricardo,1628,Ximena,1464
217,Trenton,1617,Kinsley,1458
218,Cesar,1610,Shelby,1455
219,Israel,1608,Makenna,1450
220,Emmett,1606,Ariel,1435
221,Drake,1605,Jillian,1430
222,Zane,1605,Chelsea,1424
223,Jayce,1600,Harmony,1415
224,Mario,1597,Amanda,1409
225,Landen,1589,Alayna,1406
226,Spencer,1581,Sienna,1403
227,Griffin,1578,Presley,1394
228,Kingston,1574,Tessa,1388
229,Stephen,1573,Maggie,1387
230,Theodore,1567,Hope,1386
231,Manuel,1553,Leila,1374
232,Erick,1542,Genevieve,1362
233,Braylon,1531,Erin,1351
234,Raymond,1522,Esther,1347
235,Edwin,1520,Briana,1338
236,Charlie,1519,Delaney,1337
237,Myles,1508,Kathryn,1333
238,Abel,1504,Mckenna,1332
239,Andre,1493,Ana,1328
240,Johnathan,1493,Lucia,1325
241,Bennett,1487,Camille,1316
242,Alexis,1482,Cecilia,1315
243,Edgar,1465,Lola,1312
244,Troy,1456,Leilani,1300
245,Zion,1453,Leslie,1285
246,Jeffrey,1436,Ashlynn,1284
247,Shawn,1420,Kayleigh,1282
248,Hector,1412,Juliet,1275
249,Lukas,1385,Carly,1274
250,Amir,1383,Alondra,1273
251,Tyson,1379,Haylee,1273
252,Keegan,1368,Alison,1271
253,Kyler,1365,Lexi,1270
254,Donovan,1362,Kelsey,1262
255,Simon,1358,Eliza,1256
256,Graham,1356,Josie,1243
257,Clayton,1342,Marissa,1238
258,Braden,1341,Marley,1233
259,Everett,1341,Amber,1232
260,Luca,1339,Sabrina,1228
261,Emanuel,1318,Alicia,1227
262,Martin,1315,Kaydence,1218
263,Brendan,1311,Norah,1217
264,Cash,1309,Allyson,1210
265,Zander,1300,Fiona,1210
266,Dante,1299,Ivy,1210
267,Jared,1298,Alina,1209
268,Kameron,1294,Isla,1207
269,Ryker,1292,Nadia,1181
270,Dominick,1291,Christina,1178
271,Lane,1291,Emery,1171
272,Elliot,1286,Kyleigh,1170
273,Paxton,1282,Laura,1166
274,Rafael,1274,Cheyenne,1156
275,Andy,1269,Emerson,1150
276,Dalton,1267,Alexia,1147
277,Erik,1264,Sierra,1146
278,Gregory,1263,Cadence,1144
279,Sergio,1263,Luna,1144
280,Marco,1255,Daniella,1141
281,Jasper,1248,Fatima,1129
282,Johnny,1247,Cassidy,1123
283,Emiliano,1243,Bianca,1118
284,Dean,1235,Veronica,1113
285,Drew,1232,Kyla,1109
286,Judah,1225,Evangeline,1108
287,Caiden,1222,Adeline,1103
288,Skyler,1217,Karen,1102
289,Aden,1202,Mallory,1096
290,Maximiliano,1199,Rose,1093
291,Fabian,1197,Jazmine,1091
292,Zayden,1187,Jayden,1069
293,Brennan,1176,Kendra,1068
294,Anderson,1143,Camryn,1064
295,Roberto,1130,Dakota,1064
296,Quinn,1129,Macy,1062
297,Reid,1122,Mariana,1062
298,Angelo,1120,Abby,1059
299,Holden,1114,Adelyn,1056
300,Cruz,1097,Gia,1056
301,Derrick,1094,Madilyn,1056
302,Finn,1090,Jazmin,1052
303,Emilio,1089,Iris,1051
304,Grady,1089,Nina,1046
305,Elliott,1066,Georgia,1044
306,Amari,1052,Lilah,1042
307,Pedro,1048,Breanna,1023
308,Rowan,1046,Jayda,1023
309,Frank,1044,Kenzie,1023
310,Felix,1030,Phoebe,1022
311,Lorenzo,1029,Lilliana,1013
312,Dakota,1027,Malia,1009
313,Colby,1024,Athena,1006
314,Corey,1022,Kamryn,1005
315,Dawson,1011,Nyla,998
316,Braylen,1009,Miley,990
317,Allen,998,Heaven,986
318,Brycen,996,Audrina,983
319,Ty,991,Kiara,982
320,Jax,989,Selena,981
321,Brantley,985,Madeleine,980
322,Malik,985,Maddison,977
323,Ruben,975,Lyric,975
324,Trey,969,Emilia,972
325,Brock,961,Giuliana,972
326,Dallas,956,Joanna,972
327,Colt,952,Annabella,966
328,Joaquin,949,Adalynn,965
329,Leland,941,Fernanda,961
330,Beckett,937,Aubrie,956
331,Jett,924,Heidi,951
332,Louis,919,Esmeralda,944
333,Gunner,908,Kira,944
334,Adan,905,Kelly,941
335,Jakob,905,Arabella,940
336,Taylor,899,Miriam,940
337,Cohen,896,Elliana,939
338,Marshall,891,Kara,935
339,Arthur,890,Karina,933
340,Marcos,890,Crystal,932
341,Ronald,886,Paris,932
342,Julius,883,Raegan,930
343,Armando,879,Caitlyn,929
344,Kellen,879,Alejandra,928
345,Brooks,877,Tatum,927
346,Dillon,875,Savanna,924
347,Cade,866,Ayla,919
348,Nehemiah,866,Carmen,916
349,Danny,862,Tiffany,916
350,Devon,851,Bethany,914
351,Beau,850,Maliyah,912
352,Jayson,849,Guadalupe,908
353,Tristen,848,Karla,908
354,Enrique,844,Gemma,907
355,Desmond,841,Kailey,905
356,Randy,841,Macie,904
357,Pablo,838,Noelle,904
358,Milo,836,Rylie,898
359,Gerardo,835,Ruth,897
360,Raul,834,Lena,896
361,Romeo,834,Elaina,895
362,Titus,821,Ainsley,890
363,Julio,818,Amiyah,889
364,Kellan,817,Finley,880
365,Keaton,812,Danna,876
366,Karson,810,Parker,872
367,Reed,808,Jane,867
368,Keith,805,Emely,866
369,Scott,801,Journey,866
370,Braydon,800,Angelica,864
371,Ali,799,Joselyn,863
372,Dustin,799,Scarlet,863
373,Trent,797,Anastasia,862
374,Walter,797,Sasha,858
375,Waylon,797,Charlie,856
376,Ismael,788,Yaretzi,855
377,Donald,786,Juliette,850
378,Phillip,775,Brynlee,845
379,Iker,773,Lia,845
380,Darius,764,Angelique,837
381,Esteban,763,Katelynn,837
382,Jaime,763,Nayeli,825
383,Landyn,761,Vivienne,825
384,Dexter,752,Annie,822
385,Matteo,751,Addisyn,821
386,Colten,747,Kaelyn,821
387,Emerson,736,Tiana,819
388,Phoenix,728,Kyra,817
389,King,727,Cali,811
390,Karter,725,Janelle,811
391,Izaiah,724,Aleah,809
392,Tate,724,Imani,806
393,Jerry,722,Caitlin,803
394,Albert,720,Jayleen,800
395,August,717,Julie,797
396,Larry,716,April,792
397,Payton,715,Julissa,791
398,Saul,715,Kailyn,791
399,Jay,711,Janiyah,790
400,Rocco,708,Alessandra,789
401,Jalen,707,Jazlyn,785
402,Enzo,706,Cassandra,779
403,Russell,706,Kaylie,779
404,Kolton,702,Madelynn,778
405,Philip,696,Baylee,777
406,Quentin,696,Monica,776
407,Leon,694,Adelaide,775
408,Mathew,690,Michaela,774
409,Gael,689,Itzel,772
410,Kade,688,Brylee,771
411,Tony,688,Kaylin,769
412,Gideon,686,Madisyn,769
413,Dennis,683,Aniya,766
414,Damon,681,Elle,765
415,Darren,681,Olive,763
416,Kason,676,Dulce,761
417,Walker,675,Jaelyn,757
418,Mitchell,667,Courtney,751
419,Jimmy,665,Brittany,748
420,Alberto,660,Madalyn,738
421,Alec,658,Kamila,736
422,Rodrigo,650,Tenley,736
423,River,643,Jasmin,735
424,Casey,642,Kiley,735
425,Issac,639,Holly,734
426,Amare,638,Talia,733
427,Brayan,637,Braelyn,732
428,Maverick,637,Cynthia,730
429,Mohamed,635,Helen,729
430,Yahir,635,Carolina,728
431,Moises,632,Anya,725
432,Arturo,630,Estrella,724
433,Knox,630,Hayley,724
434,Maximilian,630,Bristol,718
435,Davis,628,Jimena,715
436,Barrett,626,Rebekah,714
437,Gustavo,624,Jamie,713
438,Curtis,623,Harley,712
439,Hugo,617,Charlee,708
440,Reece,615,Cameron,706
441,Chandler,614,Lacey,706
442,Jamari,614,Jaliyah,703
443,Abram,613,Sarai,701
444,Mauricio,609,Caylee,695
445,Solomon,607,Dayana,692
446,Uriel,604,Kennedi,692
447,Kamden,603,Tatiana,689
448,Archer,602,Serena,681
449,Bryant,602,Eloise,679
450,Porter,601,Daphne,673
451,Zackary,597,Mckinley,673
452,Ryland,594,Mikaela,673
453,Adriel,592,Celeste,668
454,Lawrence,591,Hanna,666
455,Noel,587,Lucille,665
456,Ricky,587,Nylah,652
457,Ronan,583,Skyler,652
458,Leonel,581,Camilla,648
459,Alijah,580,Lilian,646
460,Chris,580,Lindsey,646
461,Khalil,579,Sage,646
462,Maurice,578,Danica,644
463,Zachariah,578,Lillie,642
464,Atticus,577,Viviana,642
465,Brenden,576,Liana,641
466,Ibrahim,575,Melany,638
467,Bruce,574,Aileen,633
468,Dane,574,Kadence,631
469,Lance,574,Bridget,630
470,Orion,572,June,630
471,Marvin,571,Zariah,630
472,Cullen,568,Lilyana,626
473,Pierce,564,Lexie,624
474,Kieran,562,Anabelle,623
475,Braeden,561,Erica,622
476,Nikolas,560,Skye,622
477,Kobe,553,Alyson,620
478,Finnegan,550,Anaya,620
479,Remington,550,Gracelyn,620
480,Prince,549,Paola,620
481,Muhammad,545,Angie,619
482,Orlando,544,Elsie,617
483,Sam,544,Kiera,616
484,Mekhi,543,Myla,611
485,Alfredo,542,Priscilla,610
486,Jacoby,540,Aylin,608
487,Rhys,539,Lana,608
488,Eddie,537,Natasha,605
489,Zaiden,534,Kassidy,603
490,Jonas,533,Miracle,603
491,Joe,532,Nia,600
492,Kristopher,532,Kali,599
493,Ernesto,531,Kenley,599
494,Nico,529,Ada,598
495,Gary,526,Dylan,598
496,Jamison,524,Raelynn,596
497,Malcolm,523,Francesca,594
498,Warren,521,Briella,592
499,Johan,520,Emilee,590
500,Giovani,519,Amira,587
501,Gunnar,519,Arielle,586
502,Armani,518,Lorelei,585
503,Franklin,518,Madyson,584
504,Ramon,517,Joy,583
505,Byron,511,Annika,580
506,Cason,511,Jaelynn,580
507,Kane,511,Alanna,578
508,Ari,509,Nataly,578
509,Brett,509,Brenna,576
510,Finley,507,Sloane,576
511,Cyrus,505,Shayla,574
512,Deandre,505,Vera,573
513,Douglas,503,Amari,571
514,Justice,502,Lauryn,570
515,Gianni,499,Abbigail,568
516,Moses,499,Jaycee,567
517,Talon,499,Skyla,563
518,Camron,494,Whitney,563
519,Cannon,492,Aspen,561
520,Kendrick,492,Johanna,561
521,Nash,492,Jaylah,558
522,Dorian,488,Laney,557
523,Sullivan,487,Nathalie,556
524,Arjun,485,Ciara,552
525,Dominik,481,Logan,551
526,Kasen,480,Justice,548
527,Quinton,478,Leighton,548
528,Royce,478,Marlee,548
529,Ahmed,477,Brinley,547
530,Korbin,477,Kayden,547
531,Salvador,477,Brenda,545
532,Roger,476,Erika,544
533,Brodie,475,Lainey,543
534,Morgan,475,Rowan,543
535,Skylar,475,Teresa,543
536,Terry,475,Elisa,541
537,Raiden,474,Janiya,538
538,Isaias,473,Annabel,537
539,Tobias,473,Dahlia,537
540,Moshe,472,Nancy,537
541,Conor,471,Kaliyah,536
542,Frederick,470,Lizbeth,536
543,Madden,470,Aleena,535
544,Reese,470,Farrah,533
545,Braiden,468,Marilyn,532
546,Asa,464,Rosalie,532
547,Kelvin,463,Eve,531
548,Julien,462,Emmalyn,530
549,Wade,462,Jaylynn,530
550,Kristian,461,Madilynn,530
551,Xzavier,461,Anahi,529
552,Alvin,460,Sylvia,529
553,Davion,460,Annalise,528
554,Nickolas,460,Bailee,528
555,Rodney,460,Averie,527
556,Boston,456,Lea,525
557,Ezequiel,455,Samara,524
558,Nasir,455,Regina,523
559,Nelson,454,Zoie,523
560,Alonzo,453,Yareli,522
561,Jase,452,Amani,519
562,London,451,Hailee,519
563,Jermaine,447,Evelynn,515
564,Rhett,447,Arely,513
565,Mohammed,446,Luciana,513
566,Roy,443,Natalee,513
567,Matias,442,Haven,512
568,Ace,438,Liberty,511
569,Blaine,438,Anika,510
570,Keagan,438,Gwendolyn,510
571,Chad,437,Giana,509
572,Marc,437,Gloria,509
573,Trace,437,Jazlynn,508
574,Aarav,436,Virginia,507
575,Bently,435,Ryan,506
576,Rohan,435,Marisol,505
577,Aldo,434,Selah,505
578,Nathanael,433,Myah,501
579,Uriah,433,Elsa,499
580,Demetrius,432,Melina,498
581,Kamari,432,Adelynn,495
582,Lawson,432,Aryanna,494
583,Layne,431,Sariah,494
584,Carmelo,430,Kaylynn,492
585,Jamarion,429,Raelyn,492
586,Shaun,427,Helena,491
587,Terrance,426,Miah,491
588,Ahmad,425,Amara,490
589,Carl,424,Jaylee,489
590,Kale,424,Maeve,489
591,Jaydon,421,Linda,488
592,Micheal,421,Raven,488
593,Noe,421,Anne,485
594,Callen,420,Desiree,484
595,Jaxen,420,Madalynn,480
596,Lucian,418,Marie,480
597,Jaxton,415,Clarissa,479
598,Quincy,414,Elyse,478
599,Rory,413,Kaia,477
600,Javon,410,Meredith,477
601,Kendall,408,Hallie,476
602,Kian,408,Danika,475
603,Wilson,408,Elisabeth,475
604,Guillermo,407,Alissa,474
605,Jeffery,407,Anabella,474
606,Joey,405,Siena,474
607,Harper,402,Claudia,473
608,Jensen,399,Denise,473
609,Mohammad,398,Cara,472
610,Billy,395,Kimora,472
611,Dayton,394,Zion,472
612,Jonathon,394,Ansley,470
613,Jadiel,390,Maleah,470
614,Willie,390,Milan,470
615,Jadon,389,Sandra,470
616,Clark,385,Dana,469
617,Francis,385,Marina,469
618,Melvin,385,Halle,467
619,Rex,384,Saniyah,466
620,Kash,381,Harlow,465
621,Malakai,381,Rosa,465
622,Terrell,380,Casey,464
623,Ariel,379,Kassandra,463
624,Cristopher,376,Shiloh,463
625,Layton,376,Adele,461
626,Sylas,376,Charley,461
627,Semaj,372,Tori,458
628,Gerald,371,Kiana,454
629,Lewis,370,Ariella,452
630,Aron,369,Kathleen,451
631,Kody,369,Isis,448
632,Messiah,369,Janessa,448
633,Tomas,369,Aisha,447
634,Tommy,368,Jaylene,447
635,Triston,368,Raquel,447
636,Marlon,367,Amya,446
637,Bentlee,366,Joslyn,446
638,Aidyn,364,Karlee,446
639,Alessandro,364,Ayanna,445
640,Isiah,364,Lylah,445
641,Nikolai,364,Zara,445
642,Harley,363,Cindy,444
643,Jagger,363,Evie,444
644,Kylan,363,Perla,444
645,Luciano,363,Phoenix,443
646,Omari,363,Simone,443
647,Sincere,363,Catalina,440
648,Cory,362,Bria,439
649,Rene,362,Lilianna,439
650,Terrence,361,Kristina,437
651,Reginald,359,Mollie,436
652,Urijah,359,Rosemary,436
653,Beckham,358,Briley,435
654,Deacon,358,Cecelia,433
655,Felipe,358,Lindsay,433
656,Neil,358,Aliya,432
657,Daxton,357,Asia,432
658,Jordyn,357,Kourtney,429
659,Tristian,357,Kristen,429
660,Ulises,357,Elin,428
661,Will,357,Yasmin,428
662,Aydin,356,Patricia,427
663,Kayson,356,Aiyana,426
664,Osvaldo,356,Isabela,426
665,Santino,356,Felicity,425
666,Giovanny,355,Alani,424
667,Makai,355,Amiya,424
668,Raphael,354,Kailee,423
669,Case,352,Adrienne,422
670,Channing,352,Ember,422
671,Kole,352,Mariyah,422
672,Lee,351,Aliana,419
673,Tripp,351,Ally,419
674,Allan,350,Mariam,419
675,Jamal,348,Tabitha,417
676,Stanley,348,Bryanna,416
677,Alonso,347,Wendy,415
678,Soren,347,Clare,414
679,Jon,346,Noemi,414
680,Jorden,346,Karsyn,412
681,Aydan,345,Maia,412
682,Bobby,344,Sidney,412
683,Camren,344,Aimee,411
684,Davin,344,Greta,410
685,Ray,344,Laylah,410
686,Jasiah,343,Gracelynn,409
687,Aryan,342,Jayde,407
688,Ben,342,Jessie,407
689,Markus,342,Kallie,407
690,Darrell,338,Leanna,407
691,Hank,336,Kaleigh,406
692,Branden,335,Lesly,404
693,Mathias,335,Irene,403
694,Adonis,334,Paityn,403
695,Darian,333,Amelie,400
696,Jessie,332,Ellen,400
697,Marquis,331,Elaine,399
698,Vicente,330,Iliana,399
699,Raylan,329,Lillianna,398
700,Zayne,329,Rylan,398
701,Kenny,327,Taryn,398
702,Jefferson,325,Beatrice,396
703,Kolby,325,Lisa,395
704,Leonard,325,Emersyn,394
705,Wayne,325,Lailah,394
706,Harry,324,Shannon,394
707,Steve,324,Chaya,393
708,Zechariah,323,Braelynn,391
709,Adrien,322,Heather,391
710,Ayaan,322,Janae,390
711,Dax,322,Jaylin,390
712,Emery,322,Ali,388
713,Rashad,320,Taliyah,388
714,Ronnie,320,Arya,387
715,Dwayne,319,Emilie,386
716,Samir,319,Destinee,385
717,Yusuf,319,Jaida,385
718,Tristin,316,Journee,385
719,Clay,315,Cherish,384
720,Memphis,315,Sawyer,384
721,Benson,314,Emmalee,383
722,Bowen,314,Kaya,383
723,Lamar,314,Elianna,382
724,Odin,314,Charli,381
725,Javion,313,Armani,380
726,Maxim,313,Ivanna,380
727,Tatum,313,Jocelynn,380
728,Ellis,312,Rihanna,380
729,Alexzander,311,Alia,378
730,Elisha,310,Christine,378
731,Rudy,310,Reyna,378
732,Branson,309,Kaitlynn,377
733,Draven,309,Zaniyah,377
734,Rayan,308,Leyla,375
735,Rylee,308,Meghan,375
736,Zain,308,Mckayla,374
737,Brendon,307,Raina,374
738,Crosby,306,Macey,373
739,Sterling,306,Celia,372
740,Brennen,305,Alayah,371
741,Deshawn,305,Carolyn,371
742,Jerome,305,Kynlee,370
743,Kareem,305,Bryn,369
744,Kyson,305,Eileen,369
745,Winston,305,Alena,368
746,Jairo,304,Carla,368
747,Luka,303,Carlee,368
748,Lennon,302,Jolie,368
749,Roland,302,Emelia,366
750,Zavier,302,Keyla,366
751,Niko,301,Saniya,366
752,Yosef,301,Livia,365
753,Vance,300,Amina,364
754,Cedric,299,Krystal,364
755,Chaim,299,Zaria,363
756,Kymani,299,Angeline,362
757,Trevon,299,Martha,362
758,Gauge,297,Mercedes,362
759,Kaeden,296,Barbara,361
760,Killian,296,Jenny,361
761,Vincenzo,296,Paulina,361
762,Teagan,295,Renata,361
763,Abdullah,293,Diamond,360
764,Bo,293,Alisha,356
765,Hamza,293,Aviana,356
766,Kolten,293,Ayleen,356
767,Valentino,293,Jaqueline,354
768,Augustus,292,Maryam,353
769,Edison,292,Susan,353
770,Darwin,291,Matilda,352
771,Gavyn,291,Edith,351
772,Matthias,291,Giada,351
773,Jaylin,290,Julianne,351
774,Jovani,290,Kaylyn,351
775,Toby,290,Sonia,351
776,Davian,289,Audriana,350
777,Jamir,289,Emmy,350
778,Damion,288,Tegan,350
779,Hayes,288,Charleigh,349
780,Rogelio,288,Leia,349
781,Brogan,287,Frances,348
782,Brent,286,Haleigh,347
783,Landry,286,Mira,347
784,Emmitt,284,Kendal,346
785,Kamron,284,Nathaly,346
786,Bronson,283,Giovanna,345
787,Misael,283,Jordynn,345
788,Van,283,Amirah,344
789,Casen,282,Addilyn,342
790,Junior,282,Hadassah,342
791,Lionel,282,Kaitlin,342
792,Giancarlo,280,Myra,342
793,Yandel,280,Kyndall,341
794,Alfonso,279,Samiyah,341
795,Deangelo,276,Corinne,340
796,Jamie,276,Abbie,339
797,Rolando,276,Kaiya,339
798,Abdiel,275,Taraji,339
799,Conrad,275,Jazmyn,338
800,Duncan,275,Lorelai,338
801,Aaden,274,Braylee,337
802,Ishaan,274,Mae,337
803,Ronin,274,Abril,335
804,Maximo,273,Pearl,335
805,Cael,272,Rayne,335
806,Tyrone,272,Kenya,334
807,Xavi,272,Alisson,333
808,Craig,271,Haylie,333
809,Dominique,271,Brisa,332
810,Ean,271,Deborah,332
811,Chace,270,Mina,332
812,Mayson,270,Ryann,330
813,Bradyn,269,America,329
814,Quintin,269,Milania,327
815,Zachery,268,Araceli,326
816,Derick,267,Millie,326
817,Izayah,267,Blake,325
818,Johnathon,265,Deanna,325
819,Konner,265,Demi,324
820,Westin,265,Paula,324
821,Alvaro,264,Moriah,323
822,Blaze,263,Sharon,323
823,Keenan,263,Gisselle,322
824,Lennox,263,Karissa,322
825,Marcelo,263,Rachael,321
826,Ramiro,263,Chanel,320
827,Eugene,262,Aryana,319
828,Bruno,261,Kensley,319
829,Rayden,261,Natalya,319
830,Sage,261,Renee,318
831,Eden,260,Hayleigh,317
832,Cale,259,Jemma,317
833,Camryn,259,Paloma,317
834,Deegan,259,Avianna,316
835,Jamar,259,Judith,316
836,Seamus,258,Hana,315
837,Leandro,257,Kenna,315
838,Rodolfo,257,Zariyah,315
839,Damarion,256,Chana,314
840,Harold,256,Patience,314
841,Marcel,256,Alyvia,313
842,Jaeden,255,Kinsey,313
843,Jovanni,255,Salma,313
844,Cain,254,Zuri,313
845,Callum,253,Mara,312
846,Konnor,253,Saanvi,312
847,Ernest,251,Carlie,311
848,Jair,251,Dixie,310
849,Justus,251,Averi,309
850,Rowen,251,Charity,309
851,Rylen,250,Cristina,309
852,Arnav,249,Kaylen,309
853,Fisher,249,Kirsten,309
854,Gilberto,249,Lina,309
855,Heath,249,Larissa,308
856,Irvin,249,Lilyanna,308
857,Randall,248,Marisa,308
858,Harvey,247,Tianna,308
859,Amos,245,Ingrid,307
860,Frankie,245,Nahla,305
861,Kamryn,245,Princess,305
862,Lyric,245,Lilia,304
863,Theo,245,Aubrianna,302
864,Masen,244,Sherlyn,302
865,Todd,244,Yoselin,302
866,Alden,243,Adyson,301
867,Gilbert,242,Cailyn,301
868,Hassan,242,Rayna,301
869,Salvatore,242,Tara,301
870,Darien,241,Luz,300
871,Samson,241,Cheyanne,299
872,Krish,240,Jaiden,299
873,Hezekiah,239,Maritza,299
874,Mike,239,Elliot,298
875,Antoine,238,Azaria,297
876,Jaidyn,238,Marlene,297
877,Cassius,237,Adelina,296
878,Darnell,237,Esperanza,296
879,Isai,237,Jacey,296
880,Jedidiah,237,Jakayla,296
881,Makhi,236,Roselyn,296
882,Remy,236,Yesenia,296
883,Stefan,236,Ayana,295
884,Camdyn,235,Kiersten,295
885,Dario,235,Nova,295
886,Callan,234,Alma,294
887,Kyron,234,Jadyn,294
888,Leonidas,234,Kai,294
889,Fletcher,232,Avah,293
890,Reagan,232,Neveah,293
891,Deven,231,Meadow,292
892,Sidney,231,Nola,292
893,Sonny,231,Tamia,292
894,Yadiel,230,Alaya,291
895,Efrain,229,Carley,291
896,Jerimiah,229,Sloan,291
897,Santos,229,Kailynn,290
898,Brenton,227,River,290
899,Nixon,226,Sanaa,290
900,Tyrell,226,Karis,289
901,Vaughn,226,Diya,288
902,Aditya,225,Micah,288
903,Brysen,225,Rory,288
904,Elvis,224,Abbey,287
905,Freddy,223,Bentley,287
906,Thaddeus,223,Jaidyn,287
907,Zaire,223,Maliah,287
908,Demarcus,222,Belen,286
909,Gaige,222,Britney,286
910,Coleman,221,Malaya,286
911,Gibson,221,Shania,286
912,Jaylon,221,Tia,286
913,Zackery,221,Yazmin,285
914,Arlo,220,Aubri,284
915,Roderick,220,Alannah,283
916,Turner,220,Carissa,283
917,Alfred,219,Bryleigh,282
918,Bodhi,219,Jolene,282
919,Braylin,219,Karlie,282
920,Clinton,219,Shaniya,282
921,Jabari,219,Tess,282
922,Agustin,218,Laurel,281
923,Leighton,218,Yamilet,281
924,Arian,217,Aliza,280
925,Miller,217,Leona,280
926,Quinten,217,Lilith,280
927,Yehuda,216,Libby,279
928,Jakobe,215,Blakely,278
929,Legend,215,Lara,278
930,Mustafa,215,Kaelynn,277
931,Lathan,214,Regan,277
932,Ross,214,Campbell,276
933,Blaise,213,Dorothy,276
934,Enoch,213,Yaritza,276
935,Otto,213,Akira,275
936,Benton,212,Kyndal,275
937,Brice,212,Mattie,275
938,Flynn,212,Audrianna,274
939,Rey,212,Jewel,274
940,Vihaan,212,Kasey,274
941,Reuben,211,Kylah,274
942,Crew,210,Temperance,274
943,Graysen,210,Julieta,273
944,Houston,210,Kelsie,273
945,Hugh,210,Saige,273
946,Jaycob,210,Tinley,273
947,Maxton,210,Cambria,271
948,Jean,209,Miya,271
949,Johann,209,Ashtyn,270
950,Darryl,208,Dalia,269
951,Devan,208,Juniper,269
952,Donte,208,Liv,269
953,Ralph,208,Janet,268
954,Trystan,208,Kairi,268
955,Tyree,208,Aleigha,267
956,Anders,207,Analia,267
957,Bridger,207,Bree,267
958,Ignacio,207,Carleigh,266
959,Franco,206,Pamela,266
960,Jaydan,206,Rivka,266
961,Mariano,206,Sarahi,266
962,Howard,205,Yamileth,266
963,Joziah,205,Geraldine,265
964,Valentin,205,Leigha,265
965,Brecken,204,Malaysia,265
966,Haiden,204,Riya,265
967,Maksim,204,Abrielle,264
968,Maxx,204,Annabell,264
969,Zeke,204,Gwyneth,264
970,Broderick,203,Izabelle,264
971,Eliseo,203,Marianna,264
972,Hendrix,203,Samiya,264
973,Tyrese,203,Alianna,263
974,Coen,202,Jaylyn,263
975,Elian,202,Joyce,263
976,Princeton,202,Blair,262
977,Keon,201,Caydence,262
978,Cristiano,200,Esme,262
979,Damari,200,Isabell,261
980,Davon,200,Jaden,261
981,Deon,200,Kimber,261
982,Corban,199,Willa,261
983,Jaron,199,Kendyl,260
984,Dimitri,198,Sariyah,260
985,Kael,198,Sky,260
986,Kyan,198,Milagros,259
987,Malaki,198,Stacy,258
988,Jaydin,197,Amalia,257
989,Major,197,Kamille,256
990,Pierre,197,Karma,256
991,Kingsley,196,Thalia,256
992,Kohen,196,Hattie,255
993,Cayson,195,Karly,255
994,Cortez,195,Anabel,254
995,Jeramiah,195,Ann,254
996,Oakley,195,Payten,254
997,Camilo,194,Scarlette,252
998,Carlo,194,Ariah,251
999,Dangelo,194,Damaris,251
1000,Kamren,194,Galilea,251