1,Noah,19229,Emma,20886
2,Liam,18421,Olivia,19761
3,Mason,17157,Sophia,18563
4,Jacob,16812,Isabella,17027
5,William,16776,Ava,15660
6,Ethan,15691,Mia,13484
7,Michael,15400,Emily,12622
8,Alexander,15362,Abigail,12049
9,James,14383,Madison,10291
10,Daniel,13887,Charlotte,10094
11,Elijah,13763,Harper,9601
12,Benjamin,13761,Sofia,9576
13,Logan,13615,Avery,9552
14,Aiden,13365,Elizabeth,9537
15,Jayden,12923,Amelia,8770
16,Matthew,12866,Evelyn,8734
17,Jackson,12183,Ella,8525
18,David,12159,Chloe,8507
19,Lucas,12132,Victoria,7981
20,Joseph,12080,Aubrey,7616
21,Anthony,11538,Grace,7602
22,Andrew,11124,Zoey,7384
23,Samuel,10948,Natalie,7089
24,Gabriel,10881,Addison,6974
25,Joshua,10843,Lillian,6898
26,John,10659,Brooklyn,6791
27,Carter,10647,Lily,6760
28,Luke,10480,Hannah,6551
29,Dylan,10394,Layla,6442
30,Christopher,10322,Scarlett,5994
31,Isaac,9938,Aria,5912
32,Oliver,9411,Zoe,5857
33,Henry,9406,Samantha,5709
34,Sebastian,9281,Anna,5663
35,Caleb,9187,Leah,5590
36,Owen,9135,Audrey,5555
37,Ryan,9056,Ariana,5478
38,Nathan,8937,Allison,5456
39,Wyatt,8847,Savannah,5455
40,Hunter,8791,Arianna,5255
41,Jack,8726,Camila,5211
42,Christian,8429,Penelope,5078
43,Landon,8205,Gabriella,5071
44,Jonathan,8075,Claire,5007
45,Levi,8013,Aaliyah,4871
46,Jaxon,7675,Sadie,4849
47,Julian,7648,Riley,4782
48,Isaiah,7583,Skylar,4757
49,Eli,7469,Nora,4731
50,Aaron,7368,Sarah,4682
51,Charles,7315,Hailey,4603
52,Connor,7215,Kaylee,4535
53,Cameron,7036,Paisley,4489
54,Thomas,7002,Kennedy,4482
55,Jordan,6834,Ellie,4468
56,Jeremiah,6829,Peyton,4441
57,Nicholas,6744,Annabelle,4343
58,Evan,6694,Caroline,4337
59,Adrian,6675,Serenity,4309
60,Robert,6612,Madelyn,4303
61,Gavin,6603,Lucy,4286
62,Brayden,6560,Aubree,4266
63,Grayson,6556,Alexa,4243
64,Josiah,6414,Nevaeh,4213
65,Colton,6368,Alexis,4208
66,Austin,6295,Stella,4185
67,Angel,6284,Violet,4172
68,Jace,6276,Genesis,4155
69,Dominic,6228,Mackenzie,4142
70,Kevin,5877,Bella,4067
71,Brandon,5829,Autumn,4051
72,Tyler,5811,Mila,4047
73,Parker,5697,Kylie,3948
74,Ayden,5604,Maya,3932
75,Jason,5539,Piper,3854
76,Jose,5467,Alyssa,3816
77,Ian,5438,Taylor,3798
78,Chase,5340,Eleanor,3722
79,Adam,5318,Faith,3696
80,Hudson,5229,Naomi,3695
81,Nolan,5196,Melanie,3690
82,Zachary,5162,Katherine,3672
83,Easton,4978,Eva,3667
84,Blake,4930,Lydia,3626
85,Jaxson,4916,Brianna,3594
86,Cooper,4830,Julia,3590
87,Lincoln,4809,Ashley,3547
88,Xavier,4749,Khloe,3536
89,Bentley,4747,Madeline,3429
90,Kayden,4708,Ruby,3413
91,Carson,4605,Sophie,3380
92,Brody,4311,Alexandra,3306
93,Asher,4305,London,3277
94,Nathaniel,4288,Lauren,3086
95,Ryder,4087,Gianna,3072
96,Justin,4013,Isabelle,3063
97,Leo,3952,Vivian,3058
98,Juan,3898,Alice,3051
99,Luis,3895,Hadley,3007
100,Tristan,3895,Jasmine,3006
101,Camden,3885,Morgan,2998
102,Damian,3873,Kayla,2997
103,Elias,3766,Cora,2956
104,Vincent,3756,Bailey,2934
105,Jase,3737,Hazel,2897
106,Mateo,3729,Reagan,2893
107,Maxwell,3728,Kimberly,2891
108,Miles,3671,Sydney,2846
109,Micah,3639,Clara,2845
110,Sawyer,3586,Trinity,2792
111,Jesus,3514,Natalia,2791
112,Max,3482,Valentina,2776
113,Roman,3454,Rylee,2763
114,Leonardo,3446,Maria,2757
115,Santiago,3421,Jocelyn,2750
116,Cole,3418,Aurora,2731
117,Carlos,3411,Eliana,2729
118,Ezra,3406,Brielle,2650
119,Bryson,3404,Liliana,2631
120,Braxton,3338,Mary,2624
121,Brantley,3337,Elena,2608
122,Declan,3312,Molly,2596
123,Eric,3304,Makayla,2571
124,Kaiden,3255,Lilly,2554
125,Giovanni,3235,Andrea,2552
126,Theodore,3216,Quinn,2547
127,Harrison,3198,Jordyn,2541
128,Alex,3170,Nicole,2524
129,Diego,3166,Adalynn,2518
130,Wesley,3131,Delilah,2504
131,Bryce,3109,Kinsley,2439
132,Ivan,3067,Kendall,2437
133,Greyson,3035,Ariel,2430
134,George,2999,Paige,2405
135,Timothy,2997,Payton,2404
136,Weston,2958,Willow,2390
137,Silas,2920,Mariah,2388
138,Jonah,2904,Brooke,2384
139,Antonio,2886,Mya,2381
140,Colin,2879,Jade,2378
141,Richard,2870,Lyla,2375
142,Hayden,2865,Ximena,2332
143,Ashton,2804,Luna,2330
144,Axel,2793,Isabel,2320
145,Steven,2785,Mckenzie,2312
146,Miguel,2748,Ivy,2282
147,Kaleb,2743,Josephine,2275
148,Preston,2723,Amy,2186
149,Bryan,2720,Laila,2137
150,Jayce,2702,Isla,2131
151,Victor,2673,Eden,2125
152,Ryker,2671,Angelina,2119
153,Patrick,2668,Adalyn,2113
154,Joel,2656,Londyn,2088
155,Grant,2636,Rachel,2076
156,Emmett,2632,Destiny,2057
157,Marcus,2602,Melody,2055
158,Alejandro,2600,Juliana,2054
159,Jameson,2584,Kaitlyn,2053
160,Kingston,2582,Brooklynn,2050
161,Jude,2581,Emery,2038
162,Edward,2578,Gracie,2032
163,Maddox,2570,Norah,2002
164,Abel,2557,Emilia,1996
165,Emmanuel,2555,Reese,1971
166,Bennett,2539,Elise,1965
167,Everett,2535,Sara,1961
168,Brian,2518,Aliyah,1959
169,Jeremy,2512,Margaret,1945
170,Alan,2494,Catherine,1934
171,Kaden,2456,Vanessa,1918
172,Jaden,2443,Gabrielle,1916
173,Riley,2439,Katelyn,1914
174,Jesse,2438,Arabella,1897
175,King,2427,Valeria,1889
176,Tucker,2413,Valerie,1877
177,Kai,2397,Adriana,1871
178,Kyle,2377,Everly,1863
179,Abraham,2368,Jessica,1790
180,Malachi,2367,Daisy,1777
181,Ezekiel,2360,Rebecca,1774
182,Calvin,2326,Makenzie,1771
183,Bradley,2319,Lila,1768
184,Oscar,2316,Summer,1766
185,Luca,2301,Julianna,1764
186,Avery,2278,Callie,1755
187,Aidan,2274,Ryleigh,1744
188,Zayden,2216,Michelle,1742
189,Mark,2170,Presley,1741
190,Jake,2160,Alaina,1737
191,Kenneth,2140,Angela,1730
192,Maximus,2131,Harmony,1713
193,Sean,2119,Alina,1710
194,Karter,2108,Rose,1688
195,Brady,2090,Athena,1681
196,Nicolas,2069,Emerson,1676
197,Caden,2048,Adelyn,1671
198,Cayden,2044,Alana,1668
199,Graham,2037,Izabella,1665
200,Jayceon,2009,Hayden,1663
201,Paul,1996,Cali,1659
202,Gage,1931,Esther,1652
203,Corbin,1919,Marley,1646
204,Peter,1910,Fiona,1644
205,Derek,1877,Stephanie,1635
206,Maverick,1874,Cecilia,1632
207,Tanner,1851,Kate,1619
208,Jorge,1846,Kinley,1615
209,Jax,1843,Jayla,1611
210,Peyton,1838,Genevieve,1603
211,Xander,1828,Alexandria,1597
212,Amir,1812,Eliza,1595
213,Gael,1807,Alivia,1591
214,Omar,1802,Kylee,1586
215,Iker,1789,Giselle,1574
216,Elliot,1765,Arya,1551
217,Javier,1762,Alayna,1545
218,Jasper,1742,Leilani,1534
219,Cody,1735,Adeline,1529
220,Rylan,1734,Jennifer,1518
221,Andres,1706,Tessa,1518
222,Dean,1705,Ana,1517
223,Collin,1695,Finley,1507
224,Zane,1686,Melissa,1503
225,Charlie,1683,Daniela,1493
226,Myles,1664,Aniyah,1485
227,Lorenzo,1632,Daleyza,1466
228,Beau,1630,Keira,1465
229,Conner,1630,Charlie,1436
230,Lukas,1627,Hope,1428
231,Simon,1613,Lucia,1427
232,Francisco,1593,Gabriela,1408
233,Elliott,1583,Brynlee,1395
234,Finn,1580,Mckenna,1394
235,Gunner,1575,Parker,1394
236,Garrett,1557,Lola,1386
237,Jaiden,1556,Amaya,1357
238,Keegan,1552,Miranda,1350
239,Rowan,1542,Maggie,1349
240,Griffin,1535,Anastasia,1334
241,Judah,1533,Leila,1328
242,August,1531,Lexi,1327
243,Israel,1528,Georgia,1325
244,Beckett,1521,Iris,1321
245,Brooks,1517,Kenzie,1321
246,Chance,1516,Jacqueline,1306
247,Zander,1515,Jordan,1306
248,Spencer,1511,Cassidy,1304
249,Damien,1504,Vivienne,1294
250,Seth,1499,Noelle,1291
251,Waylon,1494,Camille,1285
252,Travis,1485,Teagan,1279
253,Devin,1481,Josie,1278
254,Zion,1477,Adrianna,1275
255,Emiliano,1476,Juliette,1270
256,Ricardo,1460,Allie,1269
257,Erick,1440,Annabella,1268
258,Stephen,1439,Juliet,1267
259,Reid,1430,Kendra,1266
260,Martin,1429,Sienna,1260
261,Eduardo,1426,Brynn,1256
262,Paxton,1426,Kali,1251
263,Fernando,1399,Maci,1237
264,Raymond,1397,Danielle,1236
265,Manuel,1376,Haley,1230
266,Jeffrey,1373,Delaney,1228
267,Felix,1369,Jenna,1228
268,Josue,1362,Raelynn,1228
269,Dallas,1361,Paris,1223
270,Mario,1361,Alexia,1222
271,Clayton,1354,Lyric,1215
272,Caiden,1352,Gemma,1213
273,Cristian,1339,Lilliana,1209
274,Troy,1322,Chelsea,1193
275,Cash,1320,Angel,1187
276,Trevor,1318,Evangeline,1183
277,Shane,1293,Ayla,1178
278,Kameron,1286,Kayleigh,1165
279,Cesar,1283,Lena,1162
280,Emilio,1277,Katie,1159
281,Andre,1270,Elaina,1149
282,Tyson,1269,Madeleine,1148
283,Andy,1266,Olive,1147
284,Titus,1263,Dakota,1142
285,Donovan,1259,Makenna,1141
286,Knox,1241,Elsa,1138
287,River,1235,Nova,1128
288,Kyler,1223,Nadia,1123
289,Louis,1220,Alison,1118
290,Cruz,1219,Kaydence,1118
291,Holden,1215,Journey,1117
292,Hector,1212,Jada,1111
293,Rafael,1201,Kathryn,1111
294,Landen,1199,Shelby,1107
295,Lane,1195,Phoebe,1100
296,Jared,1186,Elliana,1099
297,Messiah,1182,Nina,1099
298,Edwin,1181,Diana,1090
299,Johnny,1180,Alessandra,1078
300,Archer,1179,Eloise,1078
301,Johnathan,1179,Nyla,1078
302,Edgar,1177,Skyler,1076
303,Alexis,1175,Madilyn,1074
304,Anderson,1159,Miriam,1066
305,Trenton,1149,Adelynn,1059
306,Arthur,1143,Ashlyn,1058
307,Sergio,1139,Megan,1057
308,Marco,1125,Amiyah,1055
309,Julius,1123,Amber,1053
310,Dominick,1120,Ruth,1053
311,Milo,1114,Rosalie,1052
312,Dalton,1109,Annie,1049
313,Remington,1105,Amanda,1048
314,Gregory,1103,Charlee,1048
315,Dante,1102,Lilah,1048
316,Angelo,1100,Adelaide,1046
317,Reed,1093,June,1045
318,Jaylen,1088,Laura,1043
319,Marshall,1082,Daniella,1037
320,Dawson,1078,Mikayla,1032
321,Leon,1077,Jane,1025
322,Drew,1057,Raegan,1025
323,Emerson,1053,Erin,1019
324,Shawn,1052,Ashlynn,1018
325,Fabian,1048,Christina,1015
326,Joaquin,1042,Joanna,1015
327,Walker,1040,Kelsey,1015
328,Erik,1035,Haven,1014
329,Desmond,1031,Fatima,1011
330,Karson,1031,Allyson,1010
331,Emanuel,1019,Talia,1010
332,Jett,1017,Mariana,1006
333,Ali,1009,Sabrina,1006
334,Kendrick,1009,Cadence,1002
335,Aden,994,Elsie,1002
336,Frank,988,Ainsley,1000
337,Walter,982,Leslie,1000
338,Colt,976,Heaven,992
339,Amari,975,Arielle,983
340,Rhett,975,Maddison,982
341,Romeo,967,Alicia,972
342,Cohen,964,Lucille,970
343,Roberto,962,Briella,968
344,Maximiliano,959,Sawyer,964
345,Barrett,957,Heidi,954
346,Grady,955,Malia,953
347,Zaiden,953,Selena,950
348,Drake,940,Kyleigh,944
349,Gideon,939,Harley,943
350,Major,925,Kira,942
351,Brendan,919,Sierra,939
352,Skyler,913,Lana,937
353,Derrick,909,Kiara,920
354,Phoenix,906,Paislee,918
355,Pedro,903,Daphne,917
356,Noel,899,Carly,915
357,Ruben,891,Kyla,914
358,Braden,890,Alondra,913
359,Dakota,883,Jaylah,911
360,Nehemiah,883,Cheyenne,904
361,Cade,877,Bianca,903
362,Kamden,874,Baylee,897
363,Quinn,874,Macy,891
364,Nash,869,Camilla,889
365,Kason,868,Catalina,887
366,Ronan,864,Vera,886
367,Allen,856,Gia,882
368,Porter,856,Skye,881
369,Atticus,852,Sloane,881
370,Enzo,849,Aylin,879
371,Jay,840,Myla,879
372,Kash,837,Yaretzi,873
373,Matteo,835,Veronica,871
374,Adan,834,Giuliana,868
375,Finley,832,Macie,868
376,Malik,832,Esmeralda,864
377,Abram,828,Lia,859
378,Braylon,828,Ada,857
379,Solomon,826,Averie,856
380,Ace,819,Mckinley,855
381,Orion,817,Addyson,853
382,Gunnar,813,Carmen,852
383,Clark,811,Kamryn,852
384,Ismael,806,Mallory,848
385,Kellan,806,Jillian,847
386,Brennan,805,Ariella,841
387,Corey,805,Sage,841
388,Tate,801,Abby,839
389,Philip,795,Rylie,836
390,Thiago,795,Logan,830
391,Phillip,792,Scarlet,830
392,Esteban,790,Tatum,829
393,Jayson,790,Dylan,826
394,Jensen,789,Bethany,825
395,Dexter,786,Elle,822
396,Ronald,786,Aspen,820
397,Pablo,784,Jazmin,818
398,Dillon,783,Malaysia,816
399,Muhammad,774,Camryn,812
400,Armando,772,Haylee,810
401,Bruce,772,Gracelyn,808
402,Gerardo,771,Nayeli,808
403,Brycen,767,Helen,801
404,Marcos,767,Marilyn,794
405,Kade,766,April,793
406,Damon,759,Kamila,793
407,Kolton,758,Carolina,782
408,Braylen,755,Amina,779
409,Russell,755,Julie,777
410,Prince,753,Raelyn,777
411,Leland,751,Blakely,776
412,Gannon,749,Miracle,773
413,Milan,749,Rowan,772
414,Keith,747,Angelique,771
415,Enrique,745,Emely,767
416,Rory,744,Jayleen,766
417,Brock,742,Kennedi,766
418,Donald,734,Amira,764
419,Tobias,731,Briana,763
420,Deacon,730,Gwendolyn,761
421,Chandler,727,Zara,759
422,Cason,724,Justice,756
423,Raul,724,Aleah,755
424,Scott,720,Bristol,753
425,Ty,717,Itzel,753
426,Colby,713,Francesca,750
427,Landyn,712,Emersyn,744
428,Mohamed,711,Aubrie,741
429,Leonel,709,Karina,737
430,Danny,704,Ember,736
431,Kayson,703,Anaya,735
432,Hugo,694,Angelica,735
433,Warren,694,Kelly,735
434,Adriel,693,Maliyah,734
435,Dustin,693,Nylah,734
436,Ryland,693,Evelynn,733
437,Albert,692,Melany,729
438,Taylor,692,Jimena,728
439,Keaton,690,Madelynn,728
440,Jamison,687,Kassidy,727
441,Ari,685,Tiffany,725
442,Ellis,678,Kara,724
443,Malcolm,678,Jayda,723
444,Kellen,669,Jazmine,723
445,Maximilian,667,Dahlia,721
446,Davis,666,Alejandra,715
447,Saul,661,Annabel,714
448,Tony,660,Sarai,712
449,Zachariah,660,Holly,711
450,Franklin,655,Gracelynn,710
451,Rocco,654,Janelle,710
452,Jerry,653,Braelyn,706
453,Julio,652,River,705
454,Arjun,650,Viviana,703
455,Ibrahim,647,Serena,701
456,Nico,647,Annalise,699
457,Jaxton,645,Brittany,696
458,Jakob,641,Brinley,695
459,Izaiah,636,Eve,692
460,Cyrus,635,Joy,692
461,Moises,633,Cataleya,690
462,Lawrence,632,Madisyn,690
463,Sullivan,631,Caitlyn,689
464,Finnegan,627,Anabelle,684
465,Khalil,625,Emmalyn,684
466,Mathew,622,Celeste,676
467,Case,619,Journee,675
468,Alec,618,Brylee,672
469,Jaime,618,Luciana,672
470,Pierce,618,Marissa,672
471,Quentin,614,Marlee,672
472,Darius,611,Anya,669
473,Kasen,611,Savanna,669
474,Colten,608,Jazlyn,665
475,Royce,601,Zuri,664
476,Odin,600,Kailey,661
477,Kane,593,Crystal,658
478,Francis,592,Michaela,657
479,Raiden,592,Lorelei,654
480,Daxton,588,Madilynn,652
481,Trey,588,Guadalupe,651
482,Gustavo,583,Priscilla,650
483,Moses,580,Maeve,648
484,Rhys,580,Hanna,647
485,Alijah,577,Lacey,647
486,Lawson,576,Kyra,646
487,Rodrigo,575,Nia,646
488,Beckham,574,Juniper,641
489,Harvey,574,Charley,637
490,Dennis,573,Jamie,635
491,Uriel,573,Sylvia,633
492,Armani,570,Cynthia,632
493,Marvin,568,Phoenix,631
494,Frederick,566,Aleena,630
495,Kian,566,Karen,630
496,Darren,565,Caitlin,627
497,Mohammed,565,Felicity,624
498,Raylan,565,Rebekah,623
499,Trent,563,Helena,622
500,Callen,561,Julissa,620
501,Jonas,560,Imani,619
502,Zayne,559,Elisa,618
503,Matias,558,Karla,618
504,Mitchell,557,Evie,616
505,Uriah,556,Millie,613
506,Kyrie,555,Lilian,612
507,Sterling,549,Raven,612
508,Tristen,549,Harlow,608
509,Theo,548,Amara,605
510,Randy,544,Leia,605
511,Killian,543,Ryan,605
512,Larry,543,Lillie,604
513,Korbin,541,Kailyn,603
514,Alberto,540,Kadence,600
515,Ricky,540,Cassandra,597
516,Princeton,539,Lauryn,597
517,Chris,537,Hayley,594
518,Malakai,537,Kaylie,594
519,Asa,536,Madalyn,592
520,Gianni,536,Anika,590
521,Arturo,535,Henley,590
522,Jimmy,533,Bria,589
523,Aarav,531,Colette,589
524,Benson,527,Amari,587
525,Alfredo,525,Regina,587
526,Braydon,525,Fernanda,585
527,Alonzo,524,Jaliyah,584
528,Devon,524,Adelina,583
529,Justice,523,Azalea,583
530,Casey,521,Alanna,582
531,Curtis,521,Anabella,582
532,Moshe,521,Lilyana,582
533,Sam,520,Skyla,581
534,Roy,519,Addisyn,579
535,Arlo,518,Zariah,578
536,Legend,518,Braylee,576
537,Winston,516,Bridget,576
538,Dorian,515,Monica,574
539,Nikolai,515,Selah,573
540,Kobe,512,Jayden,570
541,Reece,512,Gloria,569
542,Cannon,507,Johanna,569
543,Lance,507,Leighton,568
544,Wade,507,Addilyn,565
545,Hayes,503,Kaia,564
546,Augustus,501,Aryanna,563
547,Hendrix,500,Danna,563
548,Ahmed,499,Kaylin,563
549,Isaias,499,Willa,562
550,Neymar,499,Kaliyah,561
551,Issac,498,Aniya,560
552,Brayan,497,Charleigh,559
553,Jaxen,497,Angie,558
554,Nasir,497,Anne,558
555,Boston,495,Tiana,558
556,Ronin,494,Winter,556
557,Talon,494,Danica,552
558,Luka,493,Alayah,551
559,Leonidas,492,Bailee,546
560,Gary,491,Aisha,544
561,Orlando,491,Kenley,544
562,Vihaan,491,Lexie,543
563,Bowen,490,Liberty,542
564,Nikolas,490,Aileen,541
565,Quinton,490,Sasha,540
566,Yahir,490,Braelynn,539
567,Luciano,489,Katelynn,539
568,Ezequiel,488,Janiyah,538
569,Joe,488,Mariam,538
570,Royal,488,Lindsey,534
571,Ahmad,487,Annika,533
572,Ayaan,484,Montserrat,533
573,Jalen,483,Cecelia,532
574,Kieran,483,Mikaela,531
575,Jamari,482,Kaelyn,530
576,Noe,482,Rosemary,530
577,Mauricio,481,Tatiana,527
578,Matthias,480,Cameron,525
579,Conor,479,Marie,525
580,Johan,477,Virginia,523
581,Maurice,476,Dallas,522
582,Bryant,474,Liana,521
583,Roger,474,Matilda,521
584,Lennox,473,Freya,516
585,Mathias,473,Lainey,512
586,Nathanael,472,Hallie,510
587,Nixon,469,Jessie,506
588,Yusuf,469,Audrina,501
589,Mohammad,468,Blake,501
590,Jacoby,465,Hattie,499
591,Tatum,465,Kiera,499
592,Eddie,464,Monserrat,498
593,Kristopher,463,Greta,494
594,Lewis,461,Laylah,494
595,Raphael,460,Maryam,493
596,Wilson,460,Melina,493
597,Alvin,458,Emilee,492
598,Douglas,455,Alyson,491
599,Mekhi,453,Dayana,490
600,Eden,449,Beatrice,489
601,Salvador,449,Jaelynn,488
602,Dax,448,Frances,484
603,Hank,448,Elisabeth,482
604,Cullen,446,Kensley,479
605,Toby,444,Saige,479
606,Lucian,440,Shiloh,476
607,Emmitt,439,Aranza,475
608,Rayan,439,Elyse,475
609,Jefferson,437,Meredith,475
610,Roland,437,Rosa,474
611,Casen,435,Charli,473
612,Crosby,435,Mira,473
613,Carl,434,Alani,471
614,London,434,Linda,470
615,Bodhi,433,Lylah,467
616,Dominik,432,Alena,463
617,Niko,430,Whitney,463
618,Zackary,429,Ansley,462
619,Deandre,427,Joselyn,462
620,Hamza,426,Emelia,461
621,Remy,425,Jaycee,461
622,Sincere,424,Miah,461
623,Quincy,423,Kynlee,460
624,Alessandro,422,Tenley,458
625,Dane,421,Edith,457
626,Terry,420,Breanna,456
627,Samson,418,Maia,454
628,Layne,417,Pearl,453
629,Otto,417,Anahi,452
630,Madden,416,Coraline,452
631,Jasiah,415,Kimber,452
632,Santino,415,Chanel,450
633,Rohan,413,Demi,450
634,Abdullah,412,Samara,450
635,Bo,412,Lilith,449
636,Brentley,411,Myra,448
637,Skylar,411,Laney,446
638,Soren,411,Malaya,446
639,Atlas,410,Jemma,445
640,Layton,410,Kaylynn,445
641,Marc,410,Jaelyn,444
642,Kyson,409,Bryanna,443
643,Harley,407,Kallie,441
644,Nelson,407,Natasha,440
645,Payton,407,Perla,440
646,Aldo,406,Amani,439
647,Conrad,406,Lilianna,439
648,Reese,405,Nathalie,439
649,Morgan,404,Blair,437
650,Ramon,404,Elaine,437
651,Sage,404,Madalynn,437
652,Ernesto,401,Elianna,436
653,Carmelo,400,Maisie,436
654,Byron,399,Karsyn,434
655,Kristian,398,Renata,434
656,Neil,397,Ellen,433
657,Oakley,397,Erica,433
658,Flynn,391,Lindsay,433
659,Tomas,390,Marina,432
660,Kylan,388,Dulce,431
661,Lionel,388,Kiley,431
662,Rex,387,Remi,431
663,Jeffery,385,Amelie,429
664,Leonard,385,Emmy,429
665,Callan,384,Irene,428
666,Brett,383,Ivanna,427
667,Duke,383,Mabel,427
668,Zechariah,383,Amirah,426
669,Bruno,381,Livia,425
670,Sylas,381,Armani,424
671,Melvin,379,Milan,424
672,Tripp,378,Cara,421
673,Julien,377,Caylee,419
674,Branson,376,Kathleen,419
675,Blaine,375,Ciara,418
676,Guillermo,374,Paola,418
677,Jon,374,Chaya,416
678,Zain,373,Erika,416
679,Arian,372,Jaylynn,416
680,Rayden,371,Alma,415
681,Brodie,370,Courtney,415
682,Stanley,369,Lea,415
683,Memphis,368,Mae,413
684,Crew,367,Maleah,413
685,Kelvin,366,Kassandra,412
686,Joey,365,Remington,412
687,Terrance,364,Karlee,410
688,Emery,363,Leyla,410
689,Amos,362,Mina,410
690,Edison,361,Christine,409
691,Channing,359,Jasmin,409
692,Lennon,359,Mara,408
693,Yosef,359,Ariah,407
694,Demetrius,357,Kora,407
695,Cayson,356,Lailah,405
696,Xzavier,356,Jaylee,403
697,Cory,355,Raquel,403
698,Rodney,355,Siena,403
699,Elian,354,Lennon,401
700,Bronson,353,Wren,401
701,Dayton,351,Hadassah,400
702,Bentlee,348,Desiree,399
703,Lee,348,Kenya,399
704,Cassius,345,Aliana,398
705,Chad,345,Isis,398
706,Jagger,343,Amiya,397
707,Fletcher,341,Zaniyah,396
708,Omari,341,Avah,395
709,Westin,340,Amia,394
710,Alonso,339,Kayden,393
711,Brenden,339,Madyson,393
712,Makai,339,Cindy,392
713,Felipe,336,Eileen,391
714,Forrest,336,Everleigh,390
715,Harry,336,Aryana,389
716,Alden,335,Celine,389
717,Maxim,335,Reyna,389
718,Ben,334,Isabela,388
719,Enoch,334,Myah,388
720,Nickolas,334,Teresa,388
721,Allan,333,Marjorie,387
722,Davion,333,Jolene,386
723,Willie,331,Clare,385
724,Tommy,330,Elin,384
725,Terrence,329,Claudia,383
726,Cain,328,Noemi,383
727,Harper,328,Simone,383
728,Kody,328,Brenda,382
729,Adonis,327,Corinne,382
730,Callum,327,Dorothy,382
731,Jermaine,325,Leanna,382
732,Ray,325,Tori,382
733,Thaddeus,325,Alia,381
734,Zeke,324,Emilie,381
735,Elisha,323,Martha,381
736,Kamari,322,Leona,378
737,Aron,321,Ally,377
738,Aydin,321,Margot,377
739,Shaun,321,Patricia,377
740,Markus,320,Arely,376
741,Ariel,319,Emory,376
742,Lucca,319,Sky,376
743,Marcelo,319,Thalia,376
744,Vicente,319,Lisa,375
745,Keagan,318,Paityn,375
746,Marlon,318,Carolyn,374
747,Aryan,317,Shayla,374
748,Anders,315,Averi,373
749,Ulises,315,Jazlynn,373
750,Langston,314,Nataly,373
751,Kareem,313,Lizbeth,372
752,Bobby,311,Meadow,371
753,Ronnie,311,Ivory,370
754,Will,311,Milana,370
755,Alexzander,310,Deborah,369
756,Davian,310,Khaleesi,369
757,Kendall,310,Nancy,369
758,Hassan,309,Milania,368
759,Jadiel,309,Elliot,367
760,Samir,309,Farrah,367
761,Axton,308,Janessa,367
762,Kingsley,308,Yareli,367
763,Trace,308,Zoie,365
764,Yousef,307,Clarissa,364
765,Valentino,306,Oakley,364
766,Jamal,305,Adele,363
767,Brecken,304,Emmalynn,363
768,Fisher,303,Hailee,363
769,Giovani,303,Halle,363
770,Kaysen,303,Lina,363
771,Maxton,301,Sariah,363
772,Mayson,301,Galilea,362
773,Van,300,Hunter,362
774,Hezekiah,299,Naya,361
775,Blaze,298,Sutton,361
776,Javon,298,Thea,361
777,Kolby,297,Brenna,359
778,Jedidiah,296,Denise,359
779,Kolten,296,Giana,359
780,Misael,296,Kristina,358
781,Ares,295,Monroe,358
782,Rogelio,295,Wendy,358
783,Bode,294,Liv,357
784,Jamie,294,Nathaly,357
785,Leandro,294,Danika,356
786,Rowen,294,Aubrielle,355
787,Cedric,293,Carter,355
788,Urijah,293,Celia,355
789,Eugene,291,Jolie,355
790,Wayne,291,Taliyah,355
791,Kase,289,Dana,353
792,Kole,288,Jaylene,353
793,Alfred,287,Yamileth,353
794,Billy,287,Casey,352
795,Camron,287,Miley,352
796,Darian,287,Joyce,351
797,Rene,287,Milena,351
798,Chaim,286,Sandra,351
799,Duncan,286,Saylor,351
800,Maison,286,Ariadne,350
801,Adrien,285,Zariyah,350
802,Apollo,285,Aviana,349
803,Braeden,285,Nola,347
804,Reginald,285,Mollie,346
805,Clyde,284,Alaya,345
806,Mack,284,Asia,345
807,Jerome,282,Cherish,345
808,Anson,281,Dixie,344
809,Jessie,281,Penny,342
810,Ishaan,280,Esme,341
811,Micheal,280,Marisol,341
812,Vincenzo,280,Adrienne,340
813,Javion,279,Kristen,340
814,Gauge,278,Rylan,340
815,Gerald,278,Aliza,339
816,Camdyn,277,Laurel,339
817,Keenan,277,Roselyn,339
818,Marley,277,Kori,338
819,Terrell,276,Lorelai,338
820,Draven,275,Aimee,337
821,Junior,275,Lara,337
822,Franco,274,Sloan,337
823,Jamir,274,Jenny,335
824,Justus,274,Amya,334
825,Braiden,272,Katalina,334
826,Giancarlo,272,Ayleen,333
827,Landry,272,Carlee,333
828,Brantlee,271,Aurelia,332
829,Harold,271,Iliana,332
830,Titan,271,Magnolia,332
831,Dilan,270,Aubri,331
832,Joziah,270,Elliott,331
833,Zayn,270,Natalee,331
834,Azariah,269,Ariya,330
835,Briggs,269,Heather,330
836,Kyree,269,Collins,329
837,Marquis,269,Evalyn,329
838,Stetson,269,Hana,329
839,Jonathon,267,Rayna,329
840,Clay,266,Rory,329
841,Lamar,266,Jessa,327
842,Tyrone,266,Kenna,327
843,Axl,264,Estrella,326
844,Kenny,264,Aiyana,325
845,Reuben,264,Rosie,325
846,Amare,263,America,324
847,Brent,263,Jordynn,324
848,Alfonso,262,Susan,324
849,Blaise,262,Angeline,323
850,Dariel,262,Janiya,323
851,Marcel,261,Tegan,323
852,Jaydon,260,Abbigail,321
853,Stefan,260,Alissa,321
854,Finnley,259,Taryn,321
855,Gibson,259,Temperance,321
856,Jadon,259,Emmalee,320
857,Darrell,257,Briley,319
858,Kalel,257,Carla,319
859,Steve,257,Chana,319
860,Triston,257,Kailee,319
861,Abdiel,256,Kenia,319
862,Jairo,255,Lillianna,319
863,Lyric,255,Zaria,318
864,Hugh,254,Barbara,317
865,Rudy,254,Aliya,315
866,Thatcher,254,Bonnie,315
867,Castiel,253,Joslyn,315
868,Emory,253,Jewel,314
869,Henrik,253,Marianna,314
870,Eliezer,252,Keyla,313
871,Graysen,252,Paloma,313
872,Konnor,251,Audriana,312
873,Miller,249,Giovanna,312
874,Tristian,249,Saniyah,311
875,Cristiano,247,Sharon,311
876,Deshawn,247,Emmaline,310
877,Ernest,247,Hadleigh,310
878,Kamdyn,247,Kimora,310
879,Rylee,247,Mckayla,310
880,Agustin,246,Avianna,309
881,Zavier,246,Jaida,309
882,Dimitri,245,Salma,309
883,Dwayne,245,Wynter,308
884,Ford,244,Karlie,307
885,Rey,244,Diamond,306
886,Santana,244,Kairi,306
887,Vance,243,Amalia,305
888,Arnav,242,Kaidence,305
889,Sonny,242,Libby,305
890,Brice,241,Ellison,304
891,Jamarion,241,Sherlyn,304
892,Ramiro,241,Zendaya,304
893,Gilbert,240,Holland,303
894,Leighton,240,Alisha,302
895,Coen,239,Ayanna,302
896,Jordyn,239,Mariyah,302
897,Kaeden,239,Zainab,302
898,Anton,238,Harlee,301
899,Rolando,238,Lilyanna,301
900,Salvatore,238,Yasmin,301
901,Aaden,237,Anniston,300
902,Aydan,237,Estelle,300
903,Chevy,237,Kaleigh,300
904,Seamus,237,Bryleigh,299
905,Zaire,237,Julianne,299
906,Darwin,236,Miya,299
907,Lachlan,236,Emmeline,298
908,Lochlan,236,Anabel,297
909,Santos,236,Faye,297
910,Jayse,235,Kiana,297
911,Mustafa,235,Tara,297
912,Randall,235,Astrid,296
913,Yael,235,Zion,296
914,Grey,234,Zahra,294
915,Johnathon,234,Emerie,293
916,Kohen,234,Rivka,293
917,Rashad,234,Sidney,293
918,Kannon,233,Tabitha,293
919,Clinton,232,Ingrid,291
920,Konner,232,Janae,291
921,Jovani,231,Jaylin,291
922,Maximo,231,Kinslee,291
923,Alvaro,230,Macey,291
924,Jordy,230,Addilynn,290
925,Aidyn,229,Aubriella,290
926,Kymani,229,Hadlee,290
927,Davin,228,Kaitlynn,290
928,Ephraim,228,Lilia,290
929,Heath,228,Alyvia,289
930,Frankie,227,Kaiya,289
931,Kamron,227,Neriah,289
932,Craig,226,Reina,289
933,Houston,226,Azaria,288
934,Vaughn,226,Noa,288
935,Yehuda,226,Annabell,287
936,Rodolfo,225,Ariyah,287
937,Cristopher,224,Marleigh,287
938,Gino,224,Alisson,286
939,Gordon,224,Clementine,286
940,Harlan,224,Maliah,286
941,Turner,224,Scarlette,286
942,Vivaan,224,Alisa,285
943,Ameer,223,Frida,285
944,Gavyn,223,Mercy,285
945,Jovanni,223,Alannah,283
946,Benton,222,Ann,283
947,Coleman,222,Dalia,283
948,Dash,222,Sonia,283
949,Jaycob,222,Mattie,282
950,Jericho,222,Avalynn,281
951,Makhi,222,Ayva,280
952,Dominique,221,Judith,280
953,Zaid,221,Paulina,280
954,Augustine,220,Remy,280
955,Eliseo,220,Renee,280
956,Emmet,220,Stevie,280
957,Khalid,220,Estella,279
958,Quintin,220,Azariah,278
959,Truman,220,Gwen,278
960,Anakin,219,Julieta,278
961,Camren,219,Louisa,278
962,Judson,219,Milani,278
963,Baylor,218,Raina,278
964,Efrain,218,Aubrianna,276
965,Semaj,218,Lesly,276
966,Camilo,217,Riya,276
967,Damari,217,Abrielle,275
968,Giovanny,216,Bryn,274
969,Kale,216,Carlie,274
970,Kamryn,216,Karter,273
971,Broderick,215,Magdalena,273
972,Deangelo,215,Pyper,273
973,Koen,215,Abril,272
974,Magnus,215,Antonia,272
975,Mike,215,Jocelynn,272
976,Bodie,214,Landry,272
977,Dario,214,Moriah,272
978,Brayson,213,Kylah,271
979,Chace,213,Ryann,271
980,Jayvion,213,Alaysia,270
981,Kaison,213,Annalee,270
982,Darien,212,Ireland,270
983,Teagan,212,Kailani,270
984,Valentin,212,Rosalyn,270
985,Bridger,211,Tamia,270
986,Menachem,211,Aya,269
987,Kylen,210,Patience,269
988,Rocky,210,Kai,268
989,Boden,209,Mercedes,268
990,Foster,209,Micah,267
991,Howard,209,Samiyah,267
992,Maddux,209,Aanya,266
993,Jair,208,Cordelia,266
994,Osvaldo,208,Nala,266
995,Ayan,207,Paula,266
996,Ean,207,Yaritza,266
997,Reyansh,207,Neveah,264
998,Tyree,207,Belen,263
999,Garrison,206,Cambria,263
1000,Rylen,206,Kaelynn,263