1,Jacob,22095,Isabella,22890
2,Ethan,17993,Sophia,20623
3,Michael,17324,Emma,17327
4,Jayden,17158,Olivia,17017
5,William,17036,Ava,15421
6,Alexander,16746,Emily,14262
7,Noah,16438,Abigail,14231
8,Daniel,15819,Madison,13170
9,Aiden,15520,Chloe,11745
10,Anthony,15475,Mia,10628
11,Joshua,15425,Addison,10320
12,Mason,14836,Elizabeth,10248
13,Christopher,14259,Ella,9869
14,Andrew,14227,Natalie,8766
15,David,14176,Samantha,8398
16,Matthew,14114,Alexis,8257
17,Logan,14014,Lily,7975
18,Elijah,13875,Grace,7676
19,James,13861,Hailey,7011
20,Joseph,13806,Alyssa,6980
21,Gabriel,12859,Hannah,6978
22,Benjamin,12421,Lillian,6948
23,Ryan,11964,Avery,6670
24,Samuel,11948,Leah,6528
25,Jackson,11812,Nevaeh,6406
26,John,11543,Sofia,6323
27,Nathan,11367,Anna,6315
28,Jonathan,11113,Sarah,6314
29,Christian,11084,Ashley,6306
30,Liam,10924,Brianna,6271
31,Dylan,10507,Zoe,6263
32,Landon,10464,Victoria,6221
33,Caleb,10462,Gabriella,6170
34,Tyler,10436,Brooklyn,6114
35,Lucas,10369,Kaylee,6089
36,Evan,9722,Taylor,5892
37,Nicholas,9637,Layla,5884
38,Gavin,9608,Allison,5861
39,Isaac,9347,Evelyn,5838
40,Brayden,9101,Riley,5535
41,Luke,8835,Amelia,5454
42,Angel,8762,Khloe,5400
43,Isaiah,8562,Makayla,5388
44,Brandon,8534,Savannah,5366
45,Jack,8516,Aubrey,5356
46,Jordan,8224,Charlotte,5354
47,Owen,8171,Zoey,5200
48,Carter,8150,Bella,5112
49,Connor,8047,Kayla,5048
50,Justin,7839,Alexa,5037
51,Jeremiah,7720,Peyton,4967
52,Jose,7698,Audrey,4949
53,Julian,7573,Claire,4915
54,Robert,7542,Arianna,4833
55,Aaron,7458,Julia,4674
56,Adrian,7397,Aaliyah,4659
57,Wyatt,7367,Kylie,4594
58,Kevin,7319,Lauren,4465
59,Hunter,7312,Sophie,4413
60,Cameron,7188,Sydney,4328
61,Zachary,7169,Camila,4300
62,Thomas,7115,Jasmine,4169
63,Charles,7093,Morgan,4072
64,Austin,6895,Alexandra,4018
65,Eli,6554,Jocelyn,3982
66,Chase,6432,Maya,3964
67,Henry,6392,Gianna,3957
68,Sebastian,6353,Mackenzie,3877
69,Jason,6265,Kimberly,3867
70,Levi,5990,Katherine,3862
71,Xavier,5746,Destiny,3723
72,Ian,5553,Brooke,3702
73,Colton,5312,Trinity,3695
74,Dominic,5291,Faith,3688
75,Cooper,5254,Lucy,3633
76,Juan,5237,Madelyn,3617
77,Josiah,5200,Madeline,3602
78,Ayden,5126,Bailey,3590
79,Luis,5126,Payton,3582
80,Adam,5096,Andrea,3567
81,Carson,5096,Autumn,3509
82,Nathaniel,5094,Melanie,3485
83,Brody,5048,Serenity,3472
84,Tristan,4888,Ariana,3467
85,Parker,4728,Stella,3438
86,Diego,4714,Maria,3415
87,Blake,4696,Molly,3359
88,Oliver,4662,Caroline,3355
89,Carlos,4584,Genesis,3303
90,Cole,4583,Kaitlyn,3290
91,Jaden,4513,Eva,3276
92,Jesus,4451,Jessica,3195
93,Alex,4429,Gabrielle,3141
94,Aidan,4303,Angelina,3133
95,Eric,4192,Naomi,3122
96,Hayden,4183,Valeria,3115
97,Bryan,3931,Mariah,3101
98,Max,3846,Natalia,3043
99,Jaxon,3834,Rachel,3012
100,Bentley,3766,Paige,3007
101,Brian,3763,Mya,2994
102,Sean,3736,Rylee,2976
103,Alejandro,3709,Katelyn,2952
104,Nolan,3685,Ellie,2907
105,Riley,3640,Isabelle,2895
106,Kaden,3588,Lilly,2882
107,Kyle,3569,Vanessa,2880
108,Micah,3559,London,2870
109,Vincent,3524,Mary,2863
110,Antonio,3523,Lydia,2830
111,Colin,3486,Kennedy,2828
112,Bryce,3463,Jordyn,2804
113,Miguel,3453,Ruby,2791
114,Timothy,3441,Jade,2719
115,Jake,3433,Scarlett,2716
116,Giovanni,3430,Isabel,2654
117,Steven,3424,Annabelle,2639
118,Kaleb,3420,Sadie,2630
119,Caden,3407,Harper,2629
120,Bryson,3382,Sara,2628
121,Damian,3357,Jennifer,2618
122,Grayson,3354,Violet,2564
123,Kayden,3295,Nicole,2562
124,Jesse,3269,Liliana,2513
125,Brady,3233,Michelle,2502
126,Ashton,3230,Stephanie,2486
127,Richard,3229,Reagan,2476
128,Victor,3168,Jada,2471
129,Patrick,3128,Adriana,2460
130,Marcus,3122,Gracie,2422
131,Preston,3100,Megan,2401
132,Joel,3058,Jayla,2372
133,Maxwell,3014,Kendall,2338
134,Santiago,3012,Lyla,2287
135,Ryder,2961,Amy,2280
136,Edward,2901,Rebecca,2280
137,Miles,2866,Reese,2263
138,Asher,2854,Izabella,2249
139,Hudson,2846,Kylee,2248
140,Devin,2839,Laila,2247
141,Elias,2824,Jenna,2221
142,Jeremy,2816,Brooklynn,2184
143,Jonah,2771,Aliyah,2157
144,Ivan,2768,Piper,2140
145,Easton,2710,Mckenzie,2129
146,Jace,2673,Juliana,2126
147,Oscar,2662,Giselle,2087
148,Collin,2643,Gabriela,2080
149,Peyton,2641,Valerie,2063
150,Leonardo,2614,Daniela,2037
151,Cayden,2573,Daisy,2015
152,Gage,2557,Valentina,1999
153,Emmanuel,2547,Makenzie,1992
154,Eduardo,2544,Haley,1979
155,Grant,2537,Lila,1969
156,Alan,2512,Ashlyn,1947
157,Conner,2436,Melissa,1947
158,Cody,2434,Vivian,1942
159,Wesley,2425,Nora,1936
160,Kenneth,2422,Angela,1913
161,Mark,2411,Katie,1896
162,Malachi,2404,Hayden,1891
163,Nicolas,2390,Elena,1882
164,Seth,2376,Summer,1881
165,George,2368,Keira,1859
166,Kaiden,2348,Eleanor,1850
167,Trevor,2318,Clara,1838
168,Jude,2299,Eliana,1832
169,Jorge,2294,Jillian,1817
170,Derek,2292,Alana,1815
171,Braxton,2289,Jacqueline,1806
172,Sawyer,2218,Alice,1778
173,Jaxson,2213,Adrianna,1774
174,Jaiden,2203,Miranda,1771
175,Omar,2165,Alivia,1764
176,Tanner,2133,Julianna,1746
177,Paul,2122,Aniyah,1737
178,Travis,2120,Jordan,1725
179,Camden,2103,Eden,1724
180,Maddox,2102,Mikayla,1720
181,Andres,2087,Skylar,1717
182,Cristian,2069,Margaret,1697
183,Rylan,2055,Briana,1688
184,Josue,1996,Josephine,1676
185,Bradley,1991,Ryleigh,1676
186,Roman,1989,Shelby,1675
187,Axel,1970,Delilah,1666
188,Garrett,1959,Amanda,1655
189,Fernando,1950,Allie,1634
190,Javier,1949,Diana,1621
191,Leo,1940,Addyson,1616
192,Damien,1935,Brielle,1615
193,Peter,1931,Catherine,1610
194,Abraham,1923,Angel,1606
195,Ricardo,1882,Danielle,1600
196,Francisco,1875,Elise,1585
197,Drake,1872,Ana,1572
198,Shane,1870,Melody,1569
199,Lincoln,1868,Leslie,1564
200,Erick,1859,Penelope,1547
201,Cesar,1818,Makenna,1541
202,Stephen,1814,Marissa,1529
203,Jaylen,1806,Aurora,1525
204,Tucker,1752,Alexandria,1512
205,Kai,1744,Leila,1507
206,Landen,1708,Alaina,1495
207,Braden,1707,Kendra,1495
208,Mario,1706,Kate,1489
209,Edwin,1699,Delaney,1484
210,Avery,1697,Sienna,1478
211,Manuel,1697,Lola,1473
212,Trenton,1688,Jayden,1461
213,Ezekiel,1683,Ariel,1452
214,Kingston,1672,Sierra,1446
215,Calvin,1657,Erin,1440
216,Johnathan,1646,Carly,1439
217,Edgar,1643,Hadley,1439
218,Donovan,1641,Miley,1437
219,Silas,1628,Sabrina,1431
220,Israel,1625,Alicia,1426
221,Alexis,1621,Tessa,1423
222,Mateo,1621,Chelsea,1416
223,Jeffrey,1618,Amber,1409
224,Weston,1582,Aubree,1408
225,Raymond,1580,Maggie,1406
226,Hector,1562,Amaya,1394
227,Spencer,1552,Cadence,1379
228,Andre,1540,Mckenna,1378
229,Lukas,1526,Cheyenne,1366
230,Brendan,1525,Kathryn,1365
231,Zion,1524,Maci,1352
232,Griffin,1517,Kinley,1351
233,Harrison,1491,Kelsey,1348
234,Maximus,1488,Marley,1343
235,Andy,1475,Alayna,1333
236,Braylon,1472,Jayda,1326
237,Tyson,1469,Paisley,1323
238,Shawn,1463,Ashlynn,1321
239,Zane,1459,Callie,1319
240,Emiliano,1449,Lexi,1310
241,Sergio,1449,Hope,1309
242,Ezra,1446,Eliza,1308
243,Jared,1440,Teagan,1302
244,Chance,1431,Alexia,1294
245,Keegan,1429,Kayleigh,1293
246,Charlie,1428,Harmony,1291
247,Drew,1412,Cassidy,1286
248,Troy,1382,Karen,1286
249,Greyson,1366,Nadia,1286
250,Simon,1366,Christina,1285
251,Clayton,1359,Jazmin,1281
252,Corbin,1358,Kyla,1281
253,Myles,1352,Breanna,1280
254,Xander,1349,Alondra,1279
255,Dante,1337,Quinn,1276
256,Erik,1336,Adalyn,1266
257,Martin,1332,Kaydence,1264
258,Rafael,1331,Fiona,1262
259,Theodore,1330,Allyson,1258
260,Dalton,1327,Esther,1253
261,Dominick,1325,Mariana,1251
262,Skyler,1320,Josie,1250
263,Cash,1319,Haylee,1245
264,Marco,1310,Hazel,1239
265,Caiden,1295,Lucia,1237
266,Ty,1294,Alina,1236
267,Johnny,1292,Danna,1226
268,Gregory,1286,Leilani,1224
269,Kyler,1284,Alison,1216
270,Brennan,1278,Camille,1216
271,Emmett,1276,Fatima,1213
272,Luca,1275,Jazmine,1210
273,Roberto,1272,Ximena,1209
274,Declan,1256,Laura,1207
275,Kameron,1253,Cora,1203
276,Quinn,1236,Presley,1203
277,Jameson,1227,Cecilia,1199
278,Amir,1218,Genevieve,1195
279,Bennett,1209,Alejandra,1188
280,Colby,1207,Bianca,1177
281,Pedro,1192,Mallory,1172
282,Emanuel,1191,Camryn,1171
283,Graham,1189,Esmeralda,1165
284,Malik,1188,Abby,1147
285,Jasper,1181,Juliet,1142
286,Dean,1180,Dakota,1141
287,Everett,1178,Brynn,1140
288,Aden,1171,Londyn,1117
289,Dawson,1167,Maddison,1117
290,Angelo,1156,Willow,1116
291,Reid,1145,Macy,1113
292,Dakota,1132,Kara,1112
293,Abel,1125,Karina,1107
294,Zander,1114,Kyleigh,1106
295,Judah,1110,Veronica,1105
296,Paxton,1110,Daniella,1101
297,Ruben,1101,Isla,1098
298,Jakob,1096,Norah,1090
299,Jayce,1094,Ivy,1087
300,Finn,1092,Miriam,1076
301,Elliot,1078,Malia,1072
302,Frank,1072,Caitlyn,1070
303,Lane,1061,Heidi,1069
304,Dillon,1052,Kamryn,1067
305,Fabian,1042,Joanna,1064
306,Brock,1038,Kelly,1058
307,Derrick,1035,Kinsley,1045
308,Emilio,1033,Phoebe,1038
309,Ryker,1030,Kira,1035
310,Joaquin,1029,Annabella,1027
311,Marcos,1027,Tiffany,1026
312,Devon,1023,Katelynn,1024
313,Anderson,1019,Emery,1023
314,Grady,1015,Carmen,1013
315,Elliott,1014,Emerson,1009
316,Holden,1010,Iris,1008
317,Corey,1007,Crystal,1001
318,Amari,1004,Nina,1001
319,Dallas,1000,Emely,998
320,Danny,997,Madeleine,993
321,Cruz,990,Rylie,993
322,Allen,968,Adeline,989
323,Trey,966,Karla,988
324,Lorenzo,964,Georgia,987
325,Leland,961,Heaven,987
326,Armando,956,Paris,983
327,Rowan,955,Kiara,982
328,Taylor,955,Selena,980
329,Cade,949,Cassandra,979
330,Felix,946,Guadalupe,975
331,Colt,944,Evangeline,966
332,Adan,942,Tatum,965
333,Tristen,938,Lilah,963
334,Julius,933,Madilyn,963
335,Jayson,932,Tiana,962
336,Nehemiah,930,Rose,956
337,Julio,928,Aniya,955
338,Zayden,927,Madisyn,948
339,Darius,925,Kaelyn,944
340,Raul,925,Caitlin,943
341,Braydon,923,Sasha,942
342,Louis,916,Luna,940
343,Ronald,911,Audrina,938
344,Trent,896,Fernanda,936
345,Payton,888,Angelica,931
346,Keith,887,Ruth,928
347,Randy,881,Jasmin,926
348,Jax,879,Kyra,924
349,Enrique,878,Emilia,923
350,Desmond,877,Lilliana,923
351,Jett,871,Ayla,913
352,Scott,871,Janiyah,911
353,Dustin,867,Aria,903
354,Gerardo,864,Courtney,899
355,Phillip,862,Ainsley,898
356,Beckett,859,Lia,892
357,Ali,849,Yaretzi,890
358,Romeo,847,Maliyah,889
359,Kellen,838,Raegan,889
360,Cohen,835,Tatiana,886
361,Pablo,830,Monica,885
362,Ismael,823,Madalyn,881
363,Jaime,814,Athena,880
364,Larry,810,Mila,880
365,Kellan,807,Noelle,875
366,Brycen,803,Anastasia,873
367,Keaton,803,Julissa,868
368,Braylen,796,Jaelyn,865
369,Gunner,796,Bethany,861
370,Brayan,787,Juliette,861
371,Landyn,784,Imani,860
372,Walter,780,Kenzie,856
373,Jimmy,770,Macie,851
374,Marshall,768,Savanna,843
375,Beau,766,Jamie,841
376,Phoenix,762,Giuliana,840
377,Donald,761,Kiley,839
378,Esteban,760,April,836
379,Saul,760,Adelyn,835
380,Karson,759,Lena,835
381,Reed,758,Joselyn,834
382,Brenden,751,Cynthia,833
383,Jerry,747,Jane,833
384,Tony,746,Kailey,833
385,Kade,743,Alessandra,830
386,Jamari,740,Arabella,830
387,Mitchell,737,Carolina,821
388,Colten,729,Nayeli,821
389,Arthur,727,Julie,818
390,Brett,727,Gia,814
391,Rocco,725,Michaela,813
392,Dennis,723,Kaylie,812
393,Jalen,719,Annie,810
394,Tate,717,Janelle,810
395,Chris,716,Elaina,809
396,Quentin,713,Amiyah,805
397,Titus,712,Madelynn,805
398,Casey,706,Kaylin,804
399,King,704,Lyric,802
400,Izaiah,701,Baylee,801
401,Brooks,699,Addisyn,800
402,Mathew,699,Lindsey,800
403,Albert,697,Jimena,796
404,Philip,697,Rebekah,792
405,Russell,697,Nyla,791
406,Darren,695,Anya,788
407,Zackary,693,Jazlyn,784
408,Gael,692,Finley,779
409,Braeden,688,Holly,772
410,Dane,684,Dulce,768
411,Gustavo,684,Melany,768
412,Jay,681,Talia,766
413,Cullen,677,Itzel,764
414,Kolton,677,Scarlet,760
415,Rodrigo,673,Kiera,757
416,Alberto,670,Cali,756
417,Leon,667,Cameron,756
418,Alec,665,Angie,753
419,Damon,665,Journey,750
420,Davis,657,Elle,749
421,Arturo,656,Elliana,748
422,Waylon,656,Estrella,745
423,Milo,654,Erica,743
424,Moises,651,Sarai,741
425,Curtis,650,Danica,736
426,Walker,649,Brenda,732
427,August,646,Vivienne,729
428,Kobe,643,Brittany,728
429,Matteo,641,Erika,725
430,Emerson,635,Hayley,722
431,Marvin,634,Mikaela,717
432,Mauricio,633,Harley,716
433,Maximilian,632,Kamila,716
434,River,632,Adelaide,711
435,Orlando,631,Brylee,705
436,Reece,630,Aubrie,703
437,Issac,627,Helen,703
438,Bryant,621,Lacey,701
439,Yahir,617,Ciara,698
440,Uriel,615,Kadence,697
441,Hugo,614,Nataly,697
442,Mohamed,605,Johanna,696
443,Enzo,602,Kailyn,696
444,Karter,602,Shayla,693
445,Lance,602,Madyson,692
446,Zachariah,602,Adalynn,691
447,Porter,601,Bridget,687
448,Maurice,597,Janiya,685
449,Ricky,595,Serena,684
450,Leonel,594,Gemma,682
451,Joe,592,Lilian,681
452,Johan,592,Lillie,681
453,Dexter,591,Paola,680
454,Nikolas,590,Jayleen,677
455,Jonas,589,Aleah,676
456,Justice,585,Celeste,674
457,Salvador,581,Braelyn,672
458,Knox,579,Natasha,672
459,Lawrence,579,Tenley,672
460,Gideon,576,Charlie,670
461,Alfredo,572,Kassidy,668
462,Maximiliano,570,Amari,661
463,Talon,569,Dana,654
464,Byron,565,Brisa,653
465,Nickolas,565,Parker,652
466,Solomon,562,Annika,649
467,Orion,561,Aileen,645
468,Braiden,556,Lexie,645
469,Kristopher,553,Brenna,642
470,Alijah,552,Nia,641
471,Sam,550,Sage,641
472,Rhys,549,Desiree,638
473,Jacoby,547,Skyler,638
474,Jamarion,547,Emilee,637
475,Davion,545,Jaliyah,635
476,Gary,545,Anabelle,632
477,Pierce,544,Lucille,630
478,Kason,543,Anahi,628
479,Mekhi,543,Lana,627
480,Noel,543,Kayden,626
481,Cason,542,Anaya,625
482,Ramon,542,Lilyana,625
483,Shaun,540,Dayana,624
484,Warren,537,Joy,624
485,Douglas,533,Viviana,621
486,Reese,533,Logan,620
487,Cyrus,531,Priscilla,619
488,Armani,530,Daphne,618
489,Ibrahim,530,Denise,618
490,Quinton,530,Kennedi,617
491,Ernesto,529,Zariah,615
492,Jaydon,527,Skye,613
493,Isaias,526,Rowan,608
494,Frederick,525,Francesca,605
495,Chandler,524,Amira,601
496,Ryland,523,Elisa,601
497,Terry,520,Kimora,601
498,Deandre,518,Jaylynn,599
499,Ari,516,Kenley,596
500,Jamison,516,Lizbeth,594
501,Dorian,514,Lauryn,592
502,Khalil,514,Jaelynn,591
503,Moses,513,Arielle,590
504,London,511,Liberty,590
505,Franklin,510,Melina,590
506,Muhammad,510,Myla,590
507,Maverick,509,Abbigail,589
508,Ronan,507,Camilla,589
509,Amare,505,Gloria,588
510,Eddie,503,Alyson,587
511,Roger,503,Brynlee,586
512,Nasir,502,Alissa,583
513,Aldo,501,Claudia,583
514,Demetrius,501,Marlee,580
515,Adriel,500,Sandra,579
516,Brodie,500,Danika,578
517,Kendrick,498,Hanna,578
518,Morgan,497,Nancy,573
519,Kelvin,496,Alanna,572
520,Prince,496,Miracle,571
521,Malcolm,495,Hailee,570
522,Tobias,495,Caylee,569
523,Ahmad,494,Jaycee,569
524,Trace,493,Gracelyn,564
525,Keagan,492,Annalise,554
526,Skylar,491,Liana,554
527,Alvin,490,Yareli,553
528,Giovani,490,Cindy,552
529,Conor,489,Eloise,552
530,Abram,488,Asia,550
531,Camron,488,Helena,550
532,Bruce,485,Marisol,550
533,Jonathon,485,Bailee,549
534,Quincy,484,Justice,547
535,Noe,480,Lorelei,547
536,Rohan,478,Maeve,546
537,Ahmed,475,Kali,544
538,Nathanael,475,Jaida,542
539,Kamari,469,Aiyana,541
540,Kieran,469,Anika,541
541,Kristian,468,Natalee,541
542,Barrett,467,Whitney,541
543,Finnegan,467,Olive,540
544,Remington,466,Laney,539
545,Boston,462,Kassandra,538
546,Chad,461,Kaia,536
547,Uriah,459,Ada,535
548,Xzavier,459,Marilyn,534
549,Archer,458,Aryanna,533
550,Micheal,458,Farrah,530
551,Bobby,457,Clarissa,529
552,Guillermo,457,Halle,529
553,Gunnar,457,Amani,527
554,Rodney,457,Janessa,525
555,Moshe,455,Sylvia,525
556,Kamden,454,Charlee,524
557,Julien,453,Mckinley,524
558,Roy,453,Skyla,522
559,Melvin,452,Aleena,518
560,Aaden,450,Madilynn,517
561,Atticus,450,Bristol,516
562,Ulises,450,Gwendolyn,516
563,Kane,449,Meghan,516
564,Kasen,448,Tori,516
565,Lucian,447,Marie,515
566,Carl,446,Rosa,514
567,Jeffery,446,Shaniya,514
568,Ezequiel,445,Giana,513
569,Terrance,445,Lea,513
570,Jadon,444,Isabela,511
571,Javon,444,Kaliyah,511
572,Malakai,442,Hallie,509
573,Nelson,442,Averie,508
574,Harley,441,Aylin,508
575,Jon,439,Dylan,508
576,Triston,439,Kaylynn,508
577,Aarav,438,Kristen,508
578,Cory,436,Zoie,508
579,Kian,436,Saniyah,506
580,Alonzo,434,Lesly,505
581,Marc,434,Madalynn,505
582,Asa,431,Yasmin,502
583,Gianni,430,Kaleigh,501
584,Wilson,429,Kiana,501
585,Kole,428,Rihanna,500
586,Dayton,427,Regina,499
587,Jermaine,427,Wendy,498
588,Terrence,425,Anabella,497
589,Felipe,423,Sloane,497
590,Kendall,423,Elisabeth,496
591,Kale,422,Kristina,496
592,Nico,422,Rosalie,496
593,Isiah,421,Eve,495
594,Dominik,420,June,495
595,Tommy,420,Kathleen,494
596,Finley,419,Amya,493
597,Cristopher,417,Lindsay,491
598,Tristin,417,Saniya,489
599,Cannon,414,Virginia,488
600,Jase,414,Aspen,487
601,Wade,414,Elsa,487
602,Ariel,413,Raven,486
603,Kash,413,Samara,486
604,Madden,413,Meredith,485
605,Mohammed,413,Perla,485
606,Marlon,411,Raquel,485
607,Rhett,411,Siena,485
608,Layne,410,Anne,484
609,Jamal,406,Casey,484
610,Jessie,406,Nylah,484
611,Memphis,406,Ayanna,483
612,Joey,404,Mckayla,483
613,Nash,404,Jaylee,481
614,Allan,403,Jaylin,479
615,Reginald,403,Patricia,479
616,Ace,402,Shiloh,479
617,Lawson,401,Linda,476
618,Giovanny,399,Aimee,474
619,Zaiden,399,Lainey,474
620,Aron,398,Maia,474
621,Korbin,396,Mariam,474
622,Rashad,396,Nathalie,472
623,Will,396,Sherlyn,472
624,Billy,390,Isis,471
625,Urijah,390,Maleah,471
626,Leonard,388,Angelique,469
627,Rene,388,Jazlynn,469
628,Brennen,386,Raelynn,468
629,Branden,385,Annabel,467
630,Kenny,385,Paityn,466
631,Kody,384,Marina,463
632,Tomas,384,Myah,463
633,Willie,384,Ryan,463
634,Brendon,382,Tabitha,463
635,Alonso,380,Ansley,461
636,Blaine,380,Bryanna,461
637,Darian,380,Elyse,461
638,Aydan,379,Adelynn,460
639,Arjun,377,Cara,460
640,Raiden,377,Diamond,460
641,Sincere,377,Jadyn,460
642,Terrell,377,Joslyn,460
643,Layton,374,Selah,460
644,Marquis,374,Haleigh,459
645,Channing,373,Kourtney,459
646,Iker,372,Elsie,457
647,Chace,371,Dahlia,451
648,Mohammad,370,Leighton,451
649,Jordyn,369,Aliya,450
650,Messiah,369,Haven,450
651,Sullivan,369,Lailah,450
652,Brent,368,Jaylene,449
653,Omari,368,Amara,447
654,Deshawn,367,Briley,447
655,Santino,367,Sariah,447
656,Raphael,366,Arely,446
657,Zechariah,366,Jaylah,445
658,Harry,364,Karlee,445
659,Jaylin,364,Taryn,444
660,Ray,364,Brinley,443
661,Elisha,363,America,441
662,Jefferson,363,Amiya,439
663,Luciano,363,Kaitlin,439
664,Craig,361,Kailee,438
665,Yandel,360,Milan,435
666,Bently,359,Phoenix,434
667,Tripp,359,Mercedes,433
668,Tristian,359,Lilianna,432
669,Aydin,358,Greta,431
670,Francis,358,Sidney,431
671,Toby,357,Simone,431
672,Ronnie,355,Christine,430
673,Kylan,354,Mollie,428
674,Semaj,354,Vera,428
675,Alexzander,353,Alisson,427
676,Lee,353,Ellen,427
677,Alessandro,351,Amelie,426
678,Gerald,348,Noemi,424
679,Jadiel,348,Taraji,423
680,Dwayne,347,Kallie,422
681,Javion,347,Clare,420
682,Markus,346,Heather,420
683,Stanley,346,Keyla,420
684,Kolby,343,Jessie,419
685,Davin,342,Aisha,417
686,Neil,342,Catalina,417
687,Harper,341,Ally,416
688,Jamie,341,Shannon,416
689,Teagan,341,Jordynn,414
690,Makai,340,Taliyah,414
691,Cale,339,Zion,413
692,Ben,336,Luciana,411
693,Deacon,336,Miah,411
694,Clark,335,Adrienne,409
695,Callen,334,Teresa,409
696,Damarion,334,Irene,408
697,Jairo,334,Rachael,408
698,Kaeden,334,Martha,407
699,Aidyn,333,Yesenia,407
700,Kareem,333,Barbara,406
701,Damion,332,Jolie,406
702,Davian,332,Leanna,406
703,Jamir,331,Paloma,406
704,Lamar,331,Jaiden,405
705,Rex,331,Janae,405
706,Jorden,330,Jaqueline,404
707,Case,329,Amina,403
708,Duncan,329,Evie,403
709,Jaeden,329,Macey,403
710,Matias,329,Destinee,401
711,Vicente,328,Abril,398
712,Jasiah,327,Lisa,396
713,Tyrone,327,Deanna,395
714,Aryan,326,Kenya,394
715,Yusuf,324,Jocelynn,393
716,Zayne,324,Rosemary,393
717,Lewis,323,Alani,392
718,Gavyn,321,Kaitlynn,392
719,Giancarlo,319,Sonia,392
720,Rogelio,319,Zara,392
721,Rolando,319,Krystal,391
722,Jensen,318,Paulina,390
723,Cedric,317,Regan,390
724,Osvaldo,317,Ali,386
725,Soren,317,Elin,386
726,Camren,316,Evelynn,386
727,Luka,316,Ariella,385
728,Mathias,315,Alia,384
729,Ellis,314,Chaya,384
730,Maxim,314,Alena,383
731,Rylee,314,Jazmyn,383
732,Draven,313,Raelyn,382
733,Nikolai,313,Corinne,381
734,Darwin,312,Emilie,380
735,Bradyn,311,Jayde,380
736,Brantley,311,Carolyn,377
737,Emery,311,Jakayla,377
738,Zavier,310,Karissa,377
739,Zackery,309,Cecelia,376
740,Rudy,307,Cheyanne,376
741,Trevon,307,Laylah,376
742,Jerome,306,Celia,375
743,Royce,306,Emmalyn,375
744,Harold,305,Mariyah,375
745,Alfonso,304,Zaniyah,375
746,Daxton,304,Luz,374
747,Rory,304,Kaiya,372
748,Beckham,303,Iliana,371
749,Darrell,303,Lorelai,371
750,Jaylon,303,Leyla,370
751,Rodolfo,300,Cherish,368
752,Tatum,300,Giada,368
753,Keenan,299,Giovanna,367
754,Sterling,298,Carla,366
755,Van,298,Larissa,364
756,Bruno,297,Jaden,361
757,Hamza,297,Adyson,360
758,Ayaan,296,Campbell,360
759,Gauge,296,Carlee,360
760,Rayan,295,Carley,360
761,Zachery,295,Gisselle,359
762,Heath,293,Lylah,359
763,Jagger,293,Felicity,358
764,Killian,293,Julianne,358
765,Dax,292,Aryana,357
766,Jovani,292,Natalya,357
767,Conrad,291,Frances,356
768,Junior,291,Ivanna,356
769,Augustus,290,Reyna,356
770,Misael,290,Tamia,356
771,Roland,289,Kaya,355
772,Vance,289,Bria,354
773,Alvaro,287,Deborah,354
774,Bode,287,Harlow,354
775,Eugene,287,Ingrid,354
776,Ramiro,287,Kaylyn,354
777,Yosef,287,Tara,354
778,Adrien,286,Moriah,353
779,Carmelo,286,Yoselin,353
780,Wayne,283,Alisha,352
781,Kamron,282,Carlie,352
782,Johnathon,281,Susan,352
783,Kolten,281,Haylie,351
784,Gilberto,280,Ayana,350
785,Quintin,279,Jenny,350
786,Steve,279,Cristina,349
787,Zain,279,Maryam,349
788,Antoine,278,Sawyer,349
789,Niko,277,Rylan,347
790,Tyrell,276,Sanaa,347
791,Hassan,275,Emmalee,346
792,Coleman,273,Jaidyn,346
793,Valentin,273,Libby,346
794,Bronson,272,Yaritza,346
795,Clay,272,Allisson,344
796,Elian,272,Kasey,344
797,Frankie,272,Matilda,343
798,Jaxton,272,Tianna,343
799,Jean,272,Elaine,342
800,Jeramiah,272,Kaylen,342
801,Adonis,269,Sharon,341
802,Jamar,269,Maritza,340
803,Kymani,269,Aliana,339
804,Freddy,268,Patience,339
805,Kayson,267,Analia,338
806,Hank,266,Emelia,338
807,Efrain,265,Heidy,338
808,Lyric,265,Karlie,338
809,Samir,265,Nathaly,338
810,Abdiel,264,Chana,337
811,Ean,264,Tess,337
812,Sage,264,Yazmin,336
813,Todd,264,Chanel,332
814,Leandro,263,Karsyn,332
815,Aditya,262,Paula,332
816,Konnor,262,Armani,330
817,Derick,261,Marisa,329
818,Deven,261,Abbie,327
819,Konner,261,Amirah,327
820,Matthias,261,Araceli,327
821,Benson,260,Alyvia,326
822,Deangelo,260,Azul,326
823,Demarcus,260,Edith,326
824,Jovanni,260,Ember,326
825,Kyron,260,Aliza,325
826,Kyson,259,Zaria,325
827,Sidney,259,Carissa,324
828,Valentino,259,Livia,324
829,Gilbert,258,Charley,323
830,Ishaan,258,Hadassah,323
831,Maximo,258,Leia,323
832,Dilan,257,Cailyn,322
833,Xavi,257,Ireland,322
834,Bo,256,Isabell,322
835,Sylas,256,Beatrice,321
836,Fisher,255,Hayleigh,321
837,Jaron,255,Akira,320
838,Marcel,255,Avah,320
839,Franco,253,Eileen,320
840,Cael,252,Kiersten,319
841,Alden,251,Micah,319
842,Randall,251,Kenna,318
843,Bentlee,250,Malaya,318
844,Brogan,250,Gracelynn,317
845,Callum,250,Kirsten,317
846,Jerimiah,250,Alma,316
847,Justus,250,Hana,316
848,Malaki,250,Demi,315
849,Westin,250,Jemma,315
850,Agustin,249,Kelsie,315
851,Blaze,249,Charity,314
852,Ronin,249,Lillianna,314
853,Branson,248,Lina,314
854,Marcelo,248,Mira,314
855,Dominique,247,Alayah,313
856,Krish,247,Angeline,313
857,Odin,247,Ayleen,313
858,Rey,247,Nola,313
859,Chaim,244,Ashlee,311
860,Brice,243,Katrina,310
861,Camryn,243,Millie,310
862,Jabari,243,Raina,309
863,Jaidyn,243,Renee,309
864,Jair,243,Belinda,308
865,Samson,243,Jacquelyn,308
866,Tyree,243,Jaylyn,308
867,Izayah,242,Mara,308
868,Mayson,242,Lilyanna,307
869,Remy,242,Mayra,307
870,Emmitt,241,Bree,306
871,Isai,241,Zariyah,306
872,Mike,241,Belen,305
873,Stefan,240,Lilia,304
874,Santos,239,Meadow,303
875,Seamus,239,Rubi,303
876,Devan,238,Shyla,303
877,Houston,238,Joyce,302
878,Jedidiah,238,Judith,302
879,Casen,237,Ryann,302
880,Deon,237,Kyndall,301
881,Fletcher,237,Lara,301
882,Major,237,Elianna,300
883,Winston,237,Neveah,300
884,Vincenzo,236,Salma,300
885,Aedan,235,Tania,300
886,Kamryn,235,Abbey,299
887,Darnell,234,Kendal,299
888,Gaige,234,Kynlee,299
889,Jaycob,234,Rayne,298
890,Quinten,234,Janet,297
891,Jaxen,232,Saige,297
892,Landry,231,Briella,296
893,Deegan,230,Braelynn,295
894,Edison,229,Karma,295
895,Howard,229,Laniyah,295
896,Humberto,229,Sarahi,295
897,Jadyn,229,Makena,294
898,Salvatore,229,Princess,294
899,Lionel,228,Rayna,294
900,Aarush,227,Stacy,294
901,Kadyn,227,Lizeth,292
902,Carsen,226,Marlene,291
903,Jaydin,226,Azaria,290
904,Abdullah,225,Riya,289
905,Alfred,225,Britney,288
906,Ameer,225,Dominique,288
907,Bodhi,225,Jaylen,288
908,Davon,224,Karly,288
909,Trystan,224,Adele,287
910,Eden,222,Kaelynn,287
911,Johann,222,Abigale,286
912,Zaire,222,Adelina,286
913,Antwan,221,Janiah,284
914,Donte,221,Ann,283
915,Jayvion,221,Charli,283
916,Lennon,221,Emersyn,283
917,Marley,221,Kayleen,283
918,Theo,221,Marianna,283
919,Bridger,219,Caydence,282
920,Irvin,219,Abagail,281
921,Yael,219,Dixie,281
922,Devyn,218,Diya,280
923,Ernest,218,Esme,280
924,Leonidas,218,Theresa,280
925,Ross,218,Carleigh,279
926,Hezekiah,217,Jewel,279
927,Ignacio,217,Maliah,279
928,Jencarlos,217,Roselyn,279
929,Leighton,217,Alisa,278
930,Leroy,217,Payten,278
931,Octavio,217,Shyanne,278
932,Rayden,217,Karli,277
933,Arnav,216,Nathalia,277
934,Nigel,216,Yamilet,277
935,Hayes,215,Averi,276
936,Lennox,215,Aiyanna,275
937,Vaughn,215,Journee,275
938,Anders,214,Mattie,275
939,Keon,214,Mylee,275
940,Cortez,213,Tegan,275
941,Darien,213,Damaris,274
942,Darryl,213,Arya,273
943,Haiden,213,Yamileth,273
944,Koen,213,Audriana,272
945,Legend,213,Emmy,272
946,Dario,212,Thalia,272
947,Jakobe,212,Carina,271
948,Sonny,212,Esperanza,271
949,Pierre,211,Kylah,271
950,Tyrese,211,Anabel,269
951,Zaid,211,Jamya,269
952,Blaise,210,Willa,269
953,Damari,210,Kierra,268
954,Maxx,210,Kinsey,268
955,Menachem,210,Shania,268
956,Antony,209,Sydnee,268
957,Dangelo,208,Kai,267
958,Camdyn,207,Micaela,267
959,Eliot,207,Pearl,267
960,Cain,206,Ivana,266
961,Hugh,206,Kairi,266
962,Makhi,206,Precious,266
963,Pranav,206,Mina,265
964,Roderick,206,Shaylee,265
965,Yadiel,206,Azariah,264
966,Broderick,205,Kloe,264
967,Zack,205,Myra,264
968,Ralph,204,Addilyn,263
969,Demarion,203,Jolene,263
970,Kael,203,Kimber,263
971,Lathan,203,Lorena,263
972,Ronaldo,203,Alannah,262
973,Yair,203,River,262
974,Gibson,202,Alexus,261
975,Keyon,202,Dalia,261
976,Reagan,202,Jaslene,261
977,Kingsley,201,India,260
978,Talan,201,Mae,259
979,Yehuda,201,Milagros,259
980,Cristofer,200,Reina,259
981,Dashawn,200,Stephany,259
982,Daylen,200,Zuri,259
983,Jordon,200,Pamela,258
984,Sheldon,200,Xiomara,258
985,Slade,200,Donna,256
986,Clarence,199,Evelin,256
987,Kadin,199,Ariah,255
988,Masen,199,Leona,255
989,Rowen,199,Tia,255
990,Clinton,198,Amiah,254
991,Dillan,198,Aracely,254
992,Thaddeus,198,Bryleigh,254
993,Yousef,198,Devyn,254
994,Truman,197,Lilith,254
995,Bailey,196,Charleigh,253
996,Destin,196,Alaysia,252
997,Eliezer,196,Aleigha,252
998,Enoch,196,Savanah,252
999,Joziah,196,Dania,251
1000,Keshawn,196,Karley,251