1,Jacob,25822,Emily,23930
2,Michael,23800,Emma,20335
3,Joshua,23242,Madison,19562
4,Matthew,21461,Abigail,15747
5,Ethan,21307,Olivia,15691
6,Andrew,20722,Isabella,15174
7,Daniel,20203,Hannah,14842
8,Anthony,19367,Samantha,13633
9,Joseph,19199,Ava,13603
10,Christopher,19159,Ashley,13270
11,William,19045,Elizabeth,12722
12,Alexander,18110,Sophia,12667
13,David,18102,Alexis,11963
14,Ryan,17980,Grace,11860
15,Nicholas,17065,Sarah,11527
16,Tyler,16983,Alyssa,10883
17,James,16121,Mia,10841
18,John,15760,Natalie,10729
19,Jonathan,14431,Chloe,9586
20,Nathan,14351,Brianna,9356
21,Samuel,14246,Lauren,9244
22,Christian,14197,Anna,9097
23,Noah,13889,Ella,9062
24,Dylan,13772,Taylor,8670
25,Benjamin,13564,Kayla,8614
26,Logan,13463,Hailey,8587
27,Brandon,12941,Jessica,8108
28,Gabriel,12750,Victoria,7952
29,Zachary,12280,Jasmine,7863
30,Jose,12059,Sydney,7374
31,Elijah,11604,Julia,7083
32,Angel,10981,Destiny,6879
33,Kevin,10904,Morgan,6747
34,Jack,10902,Kaitlyn,6516
35,Caleb,10887,Savannah,6477
36,Justin,10505,Katherine,6389
37,Robert,10149,Alexandra,6317
38,Austin,10108,Rachel,6209
39,Evan,10103,Lily,6088
40,Thomas,10035,Kaylee,5863
41,Luke,10003,Megan,5854
42,Mason,9762,Jennifer,5833
43,Aidan,9758,Angelina,5807
44,Jackson,9578,Makayla,5722
45,Isaiah,9515,Allison,5632
46,Jordan,9390,Maria,5592
47,Gavin,9335,Brooke,5565
48,Connor,9318,Trinity,5447
49,Isaac,9116,Faith,5243
50,Aiden,9080,Lillian,5210
51,Jason,8609,Mackenzie,5192
52,Cameron,8567,Sofia,5161
53,Hunter,8507,Riley,5124
54,Jayden,8251,Haley,5122
55,Juan,8226,Gabrielle,5016
56,Charles,7924,Nicole,4984
57,Aaron,7799,Kylie,4965
58,Lucas,7572,Zoe,4957
59,Luis,7461,Katelyn,4926
60,Owen,7166,Paige,4903
61,Landon,7105,Gabriella,4817
62,Diego,6935,Jenna,4793
63,Brian,6914,Kimberly,4750
64,Adam,6838,Stephanie,4700
65,Adrian,6715,Andrea,4666
66,Eric,6693,Alexa,4663
67,Ian,6682,Avery,4652
68,Kyle,6682,Leah,4594
69,Nathaniel,6678,Nevaeh,4552
70,Carlos,6558,Madeline,4528
71,Alex,6480,Evelyn,4485
72,Bryan,6453,Mary,4451
73,Jesus,6375,Maya,4427
74,Julian,6111,Michelle,4307
75,Sean,5992,Sara,4275
76,Hayden,5916,Jada,4261
77,Carter,5898,Audrey,4133
78,Jeremiah,5839,Brooklyn,4126
79,Cole,5586,Vanessa,4091
80,Brayden,5507,Amanda,4088
81,Wyatt,5351,Rebecca,4001
82,Chase,5195,Ariana,3976
83,Steven,5072,Caroline,3973
84,Timothy,5022,Amelia,3906
85,Dominic,4989,Mariah,3840
86,Sebastian,4952,Jordan,3692
87,Xavier,4873,Jocelyn,3680
88,Jaden,4847,Arianna,3671
89,Jesse,4742,Isabel,3609
90,Devin,4711,Autumn,3596
91,Seth,4710,Marissa,3591
92,Antonio,4689,Melanie,3495
93,Miguel,4674,Aaliyah,3456
94,Richard,4662,Gracie,3369
95,Colin,4531,Claire,3292
96,Cody,4525,Isabelle,3280
97,Alejandro,4478,Molly,3214
98,Caden,4438,Mya,3203
99,Blake,4415,Katie,3162
100,Kaden,4363,Diana,3156
101,Carson,4352,Amber,3138
102,Henry,4172,Danielle,3134
103,Jake,4152,Leslie,3122
104,Liam,4150,Melissa,3081
105,Victor,4137,Sierra,3046
106,Riley,4110,Addison,3022
107,Ashton,4062,Madelyn,3019
108,Patrick,4041,Bailey,2988
109,Bryce,3903,Catherine,2983
110,Brady,3781,Gianna,2962
111,Vincent,3744,Amy,2952
112,Trevor,3680,Erin,2906
113,Tristan,3588,Jade,2896
114,Mark,3527,Angela,2893
115,Jeremy,3482,Gabriela,2864
116,Marcus,3469,Jacqueline,2849
117,Oscar,3459,Shelby,2839
118,Jorge,3440,Kennedy,2826
119,Parker,3403,Lydia,2768
120,Cooper,3392,Alondra,2721
121,Kaleb,3389,Adriana,2704
122,Kenneth,3367,Daniela,2651
123,Joel,3270,Natalia,2650
124,Garrett,3262,Breanna,2638
125,Josiah,3253,Kathryn,2571
126,Ivan,3235,Briana,2541
127,Alan,3204,Ashlyn,2539
128,Conner,3203,Rylee,2520
129,Eduardo,3177,Eva,2473
130,Paul,3142,Ruby,2468
131,Tanner,3072,Peyton,2462
132,Alexis,3049,Kendall,2456
133,Braden,3046,Alexandria,2451
134,Edward,2970,Christina,2450
135,Omar,2966,Charlotte,2441
136,Nicolas,2962,Sophie,2439
137,Jared,2922,Valeria,2429
138,Peyton,2841,Reagan,2425
139,George,2823,Naomi,2416
140,Maxwell,2809,Summer,2409
141,Cristian,2743,Kate,2404
142,Stephen,2741,Mikayla,2393
143,Francisco,2740,Angel,2384
144,Levi,2739,Layla,2383
145,Collin,2731,Miranda,2357
146,Preston,2725,Ana,2354
147,Ayden,2720,Laura,2347
148,Dakota,2717,Alicia,2339
149,Nolan,2717,Daisy,2321
150,Micah,2710,Ciara,2320
151,Gage,2699,Margaret,2311
152,Eli,2682,Zoey,2270
153,Manuel,2661,Aubrey,2263
154,Grant,2657,Skylar,2239
155,Colton,2655,Genesis,2224
156,Damian,2628,Kylee,2196
157,Ricardo,2624,Courtney,2195
158,Giovanni,2598,Payton,2183
159,Emmanuel,2572,Kiara,2149
160,Andres,2571,Alexia,2125
161,Peter,2551,Jillian,2121
162,Malachi,2549,Lindsey,2094
163,Cesar,2519,Mckenzie,2077
164,Javier,2499,Karen,2063
165,Max,2491,Mariana,2059
166,Hector,2458,Giselle,2057
167,Shane,2457,Valerie,2033
168,Edgar,2452,Serenity,1985
169,Ty,2448,Sabrina,1978
170,Fernando,2439,Alana,1972
171,Jeffrey,2424,Cheyenne,1965
172,Derek,2417,Lucy,1962
173,Bradley,2407,Kelsey,1960
174,Shawn,2366,Kelly,1951
175,Travis,2365,Sadie,1951
176,Brendan,2360,Juliana,1948
177,Spencer,2314,Bianca,1923
178,Edwin,2303,Nadia,1920
179,Mario,2297,Kyra,1912
180,Dalton,2254,Jasmin,1905
181,Erick,2243,Lilly,1904
182,Johnathan,2241,Caitlyn,1896
183,Erik,2227,Ellie,1888
184,Jonah,2221,Hope,1887
185,Donovan,2181,Cassandra,1866
186,Leonardo,2144,Jazmin,1864
187,Elias,2116,Crystal,1854
188,Marco,2114,Jordyn,1843
189,Wesley,2110,Cassidy,1833
190,Trenton,2102,Delaney,1828
191,Devon,2094,Liliana,1795
192,Abraham,2045,Angelica,1788
193,Brody,2034,Caitlin,1774
194,Jaylen,1996,Adrianna,1768
195,Bryson,1977,Kyla,1768
196,Raymond,1959,Tiffany,1765
197,Josue,1951,Jayla,1764
198,Drew,1949,Abby,1753
199,Sergio,1948,Carly,1747
200,Damien,1936,Chelsea,1734
201,Andy,1918,Erica,1717
202,Gregory,1901,Camila,1716
203,Dillon,1895,Karla,1713
204,Roberto,1877,Makenzie,1711
205,Roman,1860,Paris,1693
206,Martin,1835,Veronica,1678
207,Andre,1825,Cadence,1668
208,Jace,1796,Bella,1660
209,Oliver,1792,Brenda,1660
210,Miles,1755,Mckenna,1657
211,Harrison,1717,Maggie,1656
212,Jalen,1707,Karina,1630
213,Corey,1703,Julianna,1617
214,Dominick,1688,Makenna,1617
215,Avery,1662,Erika,1616
216,Clayton,1660,Esmeralda,1615
217,Israel,1654,Elena,1603
218,Pedro,1645,Jamie,1599
219,Calvin,1617,Mallory,1585
220,Colby,1602,Alejandra,1583
221,Dawson,1599,Cynthia,1572
222,Taylor,1576,Ariel,1566
223,Cayden,1572,Vivian,1558
224,Jaiden,1565,Jayden,1519
225,Landen,1536,Amaya,1513
226,Troy,1525,Dakota,1511
227,Julio,1515,Bethany,1502
228,Rafael,1490,Elise,1494
229,Trey,1490,Josephine,1488
230,Jaxon,1488,Haylee,1481
231,Frank,1479,Aniyah,1480
232,Dustin,1474,Keira,1467
233,Scott,1474,Aliyah,1459
234,Ruben,1464,Laila,1452
235,Camden,1463,Camryn,1442
236,Mitchell,1446,Fatima,1422
237,Zane,1433,Reese,1413
238,Payton,1428,Monica,1409
239,Kai,1410,Annabelle,1404
240,Skyler,1401,Lindsay,1398
241,Johnny,1392,Kira,1387
242,Keegan,1390,Selena,1375
243,Brett,1389,Macy,1368
244,Griffin,1374,Hanna,1342
245,Derrick,1372,Heaven,1332
246,Marcos,1360,Katrina,1326
247,Drake,1336,Clara,1324
248,Raul,1332,Jadyn,1312
249,Braxton,1315,Jazmine,1311
250,Kaiden,1314,Stella,1308
251,Gerardo,1312,Kailey,1298
252,Simon,1311,Nina,1287
253,Armando,1309,Alaina,1281
254,Grayson,1306,Allie,1280
255,Ronald,1301,Rebekah,1280
256,Kayden,1297,Guadalupe,1272
257,Angelo,1293,Allyson,1271
258,Chance,1273,Savanna,1269
259,Leo,1272,Piper,1259
260,Brock,1259,Alison,1256
261,Enrique,1258,Aniya,1246
262,Lukas,1257,Kendra,1242
263,Jaime,1255,Cameron,1240
264,Lance,1254,Eleanor,1237
265,Malik,1251,Hayley,1234
266,Dante,1240,Kayleigh,1233
267,Tyson,1236,Carmen,1227
268,Phillip,1233,Kara,1225
269,Fabian,1229,Tessa,1222
270,Emanuel,1227,Ashlee,1218
271,Trent,1224,Meghan,1218
272,Allen,1223,Celeste,1202
273,Tucker,1222,Kamryn,1199
274,Emilio,1214,Brooklynn,1197
275,Jakob,1214,Nora,1197
276,Hudson,1209,Brittany,1193
277,Maddox,1206,Lizbeth,1192
278,Santiago,1203,Julissa,1190
279,Xander,1201,Cecilia,1187
280,Aden,1197,Esther,1187
281,Rylan,1180,Jaden,1187
282,Kameron,1175,Miriam,1182
283,Kyler,1175,Julie,1181
284,Pablo,1169,Joanna,1166
285,Keith,1165,Asia,1161
286,Cade,1162,Desiree,1160
287,Adan,1154,Michaela,1153
288,Asher,1154,Alayna,1148
289,Donald,1150,Alivia,1141
290,Alberto,1137,Camille,1139
291,Darius,1132,Carolina,1132
292,Alec,1127,Anastasia,1125
293,Zion,1117,Tatiana,1124
294,Gustavo,1113,Katelynn,1112
295,Saul,1112,Ashlynn,1107
296,Ryder,1109,Estrella,1104
297,Casey,1101,Kaylie,1101
298,Gael,1100,Emely,1079
299,Theodore,1095,Sienna,1075
300,Arturo,1093,Heather,1066
301,Mathew,1090,Diamond,1057
302,Mateo,1087,April,1053
303,Jimmy,1085,Shannon,1052
304,Quinn,1084,Eliana,1051
305,Jude,1083,Jayda,1045
306,Randy,1082,Eliza,1044
307,Sawyer,1069,Ivy,1044
308,Ezekiel,1066,Leila,1041
309,Zackary,1066,Holly,1040
310,Corbin,1065,Paola,1040
311,Myles,1063,Melody,1037
312,Brennan,1054,Natasha,1028
313,Danny,1049,Claudia,1021
314,Axel,1046,Daniella,1021
315,Jerry,1040,Skyler,1018
316,Lane,1038,Josie,1017
317,Dennis,1034,Sandra,1017
318,Lorenzo,1028,Nancy,1014
319,Tony,1028,Georgia,1007
320,Esteban,1022,Callie,1004
321,Damon,1007,Kirsten,1002
322,Braeden,1003,Eden,1000
323,Brenden,1002,Kaitlin,1000
324,Louis,1001,Heidi,992
325,Philip,993,Cindy,985
326,Brayan,978,Kristen,983
327,Curtis,959,Annika,979
328,Nickolas,938,Itzel,975
329,Charlie,932,Bridget,971
330,Jayson,923,Madeleine,968
331,Jonathon,920,Rose,964
332,Quentin,912,Yasmin,963
333,Zander,910,Helen,960
334,Morgan,900,Emilee,954
335,Ismael,898,Leilani,953
336,Nikolas,897,Aurora,949
337,Emiliano,885,Kiera,942
338,Gary,878,Rylie,940
339,Amir,872,Kathleen,933
340,Chandler,870,Marisol,928
341,Tristen,869,Tara,927
342,Albert,867,Denise,917
343,Darren,864,Tatum,915
344,Mekhi,861,Kadence,910
345,Salvador,861,Dayanara,909
346,Abel,855,Priscilla,906
347,Caiden,849,Ruth,906
348,Ezra,849,Kristina,902
349,Jay,848,Raven,901
350,Joaquin,846,Ryleigh,899
351,Alfredo,844,Wendy,899
352,Declan,842,Anahi,893
353,Julius,841,Ximena,890
354,Camron,839,Talia,886
355,Moises,835,Brenna,884
356,Arthur,830,Patricia,877
357,Holden,830,Iris,876
358,Larry,828,Madalyn,875
359,Douglas,821,Kaydence,873
360,Braylon,816,Kassandra,869
361,Bryant,814,Lexi,867
362,Dallas,814,Nyla,867
363,Orlando,813,Sage,867
364,Ramon,812,Serena,866
365,Keaton,807,Perla,865
366,Marvin,807,Lucia,852
367,Mauricio,806,Meredith,852
368,Ernesto,804,Alissa,849
369,Walker,803,Violet,846
370,Hugo,795,Janiya,844
371,Joe,795,Nayeli,844
372,Reece,779,Lola,843
373,Cory,772,Sasha,843
374,Walter,769,Fiona,842
375,Felix,768,Harley,841
376,Ricky,767,Angie,836
377,Chad,766,Annie,835
378,Maximus,766,Sidney,834
379,Yahir,762,Izabella,829
380,Marc,759,Samara,823
381,Tate,759,Madisyn,819
382,Ali,758,Kiana,817
383,Dean,754,Mercedes,817
384,Jonas,753,Dulce,815
385,Braydon,751,Kiley,814
386,Elliot,750,Shayla,814
387,Weston,742,Jimena,811
388,Isiah,741,Litzy,810
389,Jaxson,738,Alina,808
390,Bennett,734,Kyleigh,808
391,Easton,734,Marisa,800
392,Davis,730,Rachael,797
393,Rodrigo,730,Genevieve,795
394,Russell,730,Fernanda,794
395,Lawrence,725,Tori,794
396,Shaun,722,Christine,792
397,Chris,721,Dana,790
398,Nasir,714,Harmony,788
399,Eddie,706,Paulina,788
400,Luca,706,Yesenia,786
401,Uriel,706,Lesly,783
402,Kristopher,704,Nia,781
403,Javon,703,Maritza,780
404,Reese,699,Hailee,778
405,Issac,697,Lauryn,777
406,Terry,692,Johanna,776
407,Micheal,684,Rosa,775
408,Graham,670,Casey,769
409,Amari,666,Joselyn,761
410,Zachariah,665,Logan,758
411,Maurice,661,Marina,758
412,Silas,659,Imani,757
413,Elliott,658,Cierra,756
414,Kade,656,Alice,753
415,Carl,651,Kaylin,750
416,Beau,645,Hayden,746
417,Roger,644,Linda,745
418,Jamarion,640,Malia,741
419,Marshall,640,Clarissa,737
420,Omarion,639,Halle,735
421,Jadon,637,Brynn,734
422,Leonel,633,Kassidy,733
423,Jamari,631,Scarlett,733
424,Reid,627,Skye,733
425,Tommy,625,Phoebe,730
426,Zachery,625,Viviana,722
427,Davion,621,America,719
428,Dorian,621,Krystal,719
429,Melvin,621,Britney,717
430,Jon,619,Rubi,716
431,Noe,619,Gloria,715
432,Cohen,617,Francesca,714
433,Kelvin,616,Amya,712
434,Guillermo,615,Emilia,711
435,Jaylin,608,Anne,709
436,Jeffery,607,Shania,707
437,Rowan,602,Lana,705
438,Jaydon,600,Lacey,696
439,Deandre,599,Elaina,693
440,Justice,598,Ainsley,691
441,Nelson,593,Haylie,686
442,Jessie,590,Emerson,683
443,Noel,590,Madyson,683
444,Branden,588,Elisabeth,682
445,Felipe,582,Virginia,681
446,Kristian,580,Anya,680
447,Rodney,577,Bryanna,680
448,Nathanael,575,Lila,679
449,Jermaine,572,Maddison,679
450,Frederick,569,Ryan,676
451,Franklin,567,Kaleigh,675
452,Khalil,566,Cora,672
453,Skylar,563,Teresa,671
454,Brent,562,Tiana,668
455,Terrance,562,Nataly,666
456,Billy,560,Taryn,666
457,Dane,560,Macie,664
458,Jayce,559,Alessandra,663
459,Quinton,559,Miracle,662
460,Sam,556,Kiersten,661
461,Kenny,555,Athena,659
462,Allan,554,Valentina,656
463,Jamal,553,Brielle,655
464,Rogelio,548,Sarai,655
465,Quincy,547,Hallie,654
466,Nehemiah,544,Jaiden,653
467,Ahmad,542,Regan,653
468,Solomon,535,Alyson,652
469,Izaiah,534,Noelle,652
470,Brendon,531,Whitney,652
471,Desmond,530,Marley,651
472,Reed,529,Jane,650
473,Roy,529,Lena,650
474,Jaylon,528,Lilian,650
475,Kody,526,Raquel,648
476,Phoenix,526,Kaitlynn,645
477,Toby,526,Tania,645
478,Rene,524,Deanna,639
479,Mohamed,523,Janiyah,639
480,Osvaldo,522,Laney,635
481,Terrell,518,Teagan,635
482,Tobias,516,Amari,633
483,Wilson,516,Anaya,633
484,Conor,514,Aileen,632
485,Alvin,512,Tabitha,630
486,Jameson,512,Carley,627
487,Cyrus,508,Cristina,627
488,Tomas,508,Ayanna,626
489,Triston,508,Carolyn,625
490,Bobby,504,Emilie,624
491,Byron,503,Alisha,622
492,Will,503,Liberty,622
493,Craig,502,Raegan,619
494,Pierce,502,Alanna,618
495,Trevon,502,Lisa,618
496,Lincoln,501,India,612
497,Maximilian,497,Anika,611
498,Demetrius,496,Jenny,611
499,Rodolfo,496,Madilyn,610
500,Anderson,495,Baylee,606
501,Reginald,494,Jaelyn,606
502,Zackery,493,Abbigail,601
503,Rohan,492,Lillie,598
504,Bruce,489,Elle,594
505,Jett,486,Yadira,593
506,Wade,486,Martha,592
507,Damion,484,Marie,590
508,Harley,484,Natalee,590
509,Adolfo,483,Carla,584
510,Joey,482,Kailyn,583
511,Judah,481,Joy,582
512,Willie,481,Presley,581
513,Marlon,478,Tamia,581
514,Cruz,477,Laci,576
515,Bailey,476,Hazel,575
516,River,476,Mckayla,575
517,Steve,475,Janelle,571
518,Isaias,474,Destinee,566
519,Moses,474,Ashleigh,564
520,Gerald,472,Haleigh,562
521,Kellen,471,Kaelyn,562
522,Marquis,471,Isis,561
523,Kendall,470,Maia,558
524,Leon,468,Norah,557
525,Blaine,467,Jaqueline,556
526,Francis,463,Kali,552
527,Grady,462,Danna,548
528,Harry,459,Alexus,546
529,Finn,458,Sylvia,546
530,Gilberto,457,Larissa,544
531,Dayton,456,Dominique,542
532,Deven,456,Willow,542
533,Johnathon,456,Elisa,541
534,Alfonso,455,Isabela,538
535,Everett,455,Kristin,538
536,Alonzo,452,London,538
537,Titus,452,Marlene,537
538,Jasper,451,Melany,537
539,Gunnar,450,Justice,536
540,Malcolm,448,Macey,536
541,Talan,446,Carlie,532
542,Trace,445,Helena,529
543,Ben,444,Renee,529
544,Kobe,443,Precious,528
545,Rocco,442,Yasmine,527
546,Johan,439,Aspen,525
547,Ariel,438,Judith,525
548,Ulises,438,Madelynn,524
549,Ezequiel,437,Brittney,523
550,Jamie,435,Simone,522
551,Warren,434,Cara,521
552,Kendrick,433,Adeline,520
553,Jamison,432,Tia,520
554,Abram,431,Daphne,519
555,Rolando,431,Ellen,516
556,Jerome,429,Lia,516
557,Tristin,429,Monique,515
558,Orion,427,Kaley,513
559,Jairo,425,Penelope,513
560,Ahmed,424,Dayana,512
561,Devan,423,Janet,512
562,Damarion,422,Marilyn,511
563,Ray,420,Melina,510
564,Vicente,420,Kierra,508
565,Gianni,418,Skyla,508
566,Greyson,418,Gwendolyn,507
567,Kadin,413,Jessie,507
568,Ronnie,412,Mikaela,507
569,Stanley,410,Nathalie,503
570,Jase,409,Zoie,502
571,Kieran,408,Amara,500
572,Ramiro,408,Sharon,500
573,Brodie,407,Aubree,499
574,Porter,405,Kailee,499
575,Tyrone,404,Kenzie,499
576,Colten,403,Maci,499
577,Terrence,403,Jaida,498
578,Darrell,401,Carissa,497
579,Jarrett,398,Lilliana,495
580,Alvaro,395,Irene,489
581,Addison,393,Lexie,489
582,Braiden,391,Lorena,488
583,Todd,390,Sonia,488
584,Emerson,387,Janessa,487
585,Kolby,387,Tiara,487
586,Ibrahim,385,Araceli,486
587,Lee,384,Delilah,486
588,Leonard,384,Juliet,484
589,Rudy,384,Kimora,481
590,Davin,383,Krista,481
591,Cedric,381,Susan,480
592,Deshawn,381,Amira,479
593,Keenan,381,Alma,477
594,Emmett,380,Luna,477
595,Neil,379,Regina,476
596,Quintin,379,Gina,475
597,Alijah,378,Jazmyn,475
598,Gilbert,378,Karissa,474
599,Karson,378,Maribel,474
600,Elisha,376,Kasey,473
601,Kole,376,Lea,473
602,Randall,374,Patience,472
603,Aldo,373,Reyna,472
604,Darian,373,Luz,471
605,Davon,372,Shaniya,470
606,Ronan,372,Elaine,469
607,Cristopher,371,Saniya,469
608,Leland,370,Dylan,468
609,Junior,369,Jaidyn,467
610,Romeo,369,Kenya,465
611,Antoine,368,Danica,464
612,Efrain,366,Arely,461
613,Jaquan,365,Tess,461
614,Waylon,365,Carlee,459
615,Irvin,364,Cristal,459
616,Coleman,363,Mariam,459
617,Camren,359,Janae,458
618,Duncan,359,Jolie,457
619,Dominik,358,Katlyn,457
620,Gunner,358,Pamela,455
621,Aron,356,Abbey,452
622,Jabari,355,Arielle,451
623,Kolton,355,Haven,451
624,Talon,355,Cali,450
625,Mohammed,354,Hadley,450
626,Alexzander,353,Kayden,450
627,Harold,349,Abbie,445
628,Amarion,348,Edith,445
629,Asa,348,Karlee,444
630,Jefferson,348,Kennedi,444
631,Amare,347,Juliette,443
632,Brice,347,Mayra,443
633,Misael,346,Noemi,443
634,Kasey,344,Monserrat,441
635,Mohammad,344,Cheyanne,440
636,August,343,Emmalee,439
637,Julien,341,Theresa,439
638,Brycen,340,Kayley,437
639,Kamron,340,Tamara,437
640,Maximiliano,340,Jamya,435
641,Draven,339,Kaya,434
642,Dwayne,339,Ann,433
643,Eugene,339,Jazlyn,433
644,Brooks,338,Amani,430
645,Moshe,338,Damaris,429
646,Sage,338,Ingrid,429
647,Zechariah,338,Tyra,429
648,Dashawn,337,Yazmin,428
649,Tyrell,334,Bailee,427
650,Ernest,333,Jaylin,426
651,Freddy,333,Stacy,426
652,Aydan,331,Deborah,425
653,Maverick,331,Jacquelyn,425
654,Clay,330,Ally,424
655,Alonso,329,Ansley,421
656,Donte,328,Charity,421
657,Keagan,327,Gisselle,421
658,Lewis,327,Annalise,420
659,Brennen,326,Catalina,420
660,Sincere,325,Cecelia,420
661,Layne,324,Gillian,420
662,Dale,323,Kaylyn,419
663,Kenyon,322,Meagan,419
664,Omari,322,Eve,417
665,Octavio,321,Kendal,417
666,Tyree,320,Angelique,416
667,Raphael,316,Ayla,416
668,Wayne,316,Hana,416
669,Demarion,315,Paula,416
670,Alessandro,314,Lizeth,415
671,Jair,314,Mariela,415
672,Ross,313,Mara,414
673,Ignacio,312,Thalia,412
674,Oswaldo,312,Clare,411
675,Bradyn,311,Jaylynn,411
676,Agustin,310,Kaylynn,411
677,Davian,309,Celia,410
678,Jordon,309,Lainey,410
679,Cash,308,Taniya,409
680,Xzavier,308,Giovanna,408
681,Aryan,307,Savanah,407
682,Dominique,304,Brisa,406
683,Gideon,304,Quinn,406
684,London,304,Greta,405
685,Matteo,304,Lyric,404
686,Lamar,303,Aimee,403
687,Boston,302,Annabella,403
688,Humberto,301,Felicity,402
689,Mike,300,Alena,401
690,Garret,299,Kaia,401
691,Muhammad,299,Karlie,400
692,Reagan,299,Tanya,400
693,Rhett,298,Karli,398
694,Jadyn,297,Maeve,398
695,Adrien,296,Ashanti,397
696,Clarence,296,Barbara,397
697,Lawson,296,Aliya,396
698,Tyrese,296,Evelin,396
699,Salvatore,295,Ashly,395
700,Kareem,294,Iliana,393
701,Kyan,293,Jaclyn,393
702,Semaj,293,Roselyn,392
703,Javion,292,Campbell,389
704,Ryland,292,Marianna,388
705,Derick,291,Jakayla,387
706,Gavyn,289,Aryanna,386
707,Jamar,289,Elyse,386
708,Markus,289,Aylin,385
709,Darnell,288,Stephany,385
710,Kian,288,Amiyah,384
711,Arjun,287,Parker,384
712,Barrett,286,Aria,383
713,Jaron,286,Liana,383
714,Nathanial,286,Ayana,382
715,Ari,285,Cassie,382
716,Landyn,285,Lesley,382
717,Rory,283,Ryann,381
718,Ryker,283,Eileen,380
719,Armani,282,Makena,380
720,Frankie,282,Sydnee,379
721,Giancarlo,282,Brandy,378
722,Kane,282,Kaila,378
723,Malakai,282,Tianna,378
724,Milo,282,Zaria,378
725,Alfred,280,Sherlyn,377
726,Clinton,279,Chaya,373
727,Hamza,279,Gia,372
728,Cullen,278,Adrienne,371
729,Jaylan,277,Aisha,371
730,Aditya,276,Joslyn,371
731,Jovani,276,Princess,371
732,Justus,276,Myah,370
733,Kamari,276,Belinda,369
734,Nigel,276,Giana,368
735,Roland,276,Aubrie,367
736,Keshawn,275,Aleah,366
737,Devyn,274,Aracely,366
738,Isai,274,Taliyah,366
739,Johnpaul,273,Aiyana,365
740,Rigoberto,273,Mollie,365
741,Dillan,272,Carina,363
742,Nico,272,Rhiannon,362
743,Sterling,272,Trista,362
744,Marques,271,Esperanza,361
745,Jorden,270,Harper,361
746,Keon,270,Rosemary,361
747,Donavan,269,Saige,361
748,Giovanny,269,Deja,358
749,Anton,268,Salma,358
750,Enzo,267,Tyler,357
751,Josh,265,Alisa,356
752,Konner,265,Leanna,356
753,Kale,264,Frances,355
754,Karl,264,Addyson,354
755,Demarcus,263,Tatyana,354
756,Jaeden,263,Abigayle,353
757,Cale,262,Frida,352
758,Estevan,262,Carol,351
759,Yair,262,Julianne,351
760,Braedon,261,Kelsie,351
761,Glenn,261,Elsa,350
762,Vance,261,Gretchen,348
763,Darryl,260,Hailie,348
764,Bo,259,Shea,348
765,Darien,259,Miah,347
766,Rylee,259,Rowan,347
767,Santos,259,Kaiya,346
768,Alden,258,Aliza,345
769,Hassan,258,Amiya,345
770,Cannon,257,Shyanne,345
771,Gaven,257,Xiomara,344
772,Ralph,257,Mattie,342
773,Coby,256,Annette,340
774,Sheldon,256,Colleen,340
775,Augustus,255,Journey,340
776,Seamus,254,Annabel,338
777,Vaughn,254,Yareli,337
778,Nathen,253,Ashton,334
779,Yosef,253,Brandi,333
780,German,251,Gracelyn,333
781,Layton,251,Desirae,332
782,Luciano,250,Laurel,332
783,Roderick,249,Libby,332
784,Antony,248,Leticia,331
785,Braulio,248,Marlee,331
786,Elvis,247,Tina,331
787,Jovanni,247,Destini,330
788,Samir,247,Jacey,329
789,Ellis,246,Johana,329
790,Clark,245,Karly,329
791,Deangelo,245,Corinne,328
792,Malaki,245,Jaycee,327
793,Atticus,244,Jaylene,327
794,Winston,244,Saniyah,327
795,Jamir,243,Ada,326
796,Adriel,242,Arabella,326
797,Heath,242,Rebeca,326
798,Jean,242,Chelsey,325
799,Sonny,241,Joyce,324
800,Stefan,241,Jaliyah,323
801,Deacon,240,Sarahi,323
802,Bruno,239,Justine,322
803,Chaim,239,Lucille,322
804,Korbin,239,Abril,321
805,Alexandro,238,Ciera,321
806,Marcel,238,Mikalah,321
807,Marquise,238,Kayli,320
808,Rex,237,Lorelei,320
809,Shamar,235,Chasity,319
810,Santino,234,Lara,319
811,Kylan,233,Magdalena,319
812,Mathias,233,Dalia,318
813,Cason,232,Emery,318
814,Nick,232,Keely,318
815,Reynaldo,232,Madalynn,318
816,Jovanny,231,Maura,318
817,Prince,231,Karley,316
818,Quinten,231,Karol,316
819,Makai,230,Raina,316
820,Milton,230,Arleth,314
821,Adonis,229,Blanca,313
822,Garrison,229,Sanaa,312
823,Howard,229,Toni,312
824,Brad,228,Alize,311
825,Remington,228,Yahaira,311
826,Konnor,227,Amelie,309
827,Jovany,226,Jewel,309
828,Nestor,226,Kaylah,309
829,Deon,224,Kaylen,308
830,Kaeden,224,Jaylee,307
831,Bernard,223,Antonia,306
832,Cortez,223,Arlene,306
833,Elmer,223,Cayla,306
834,Braylen,222,Donna,305
835,Carlo,222,Makaila,304
836,Conrad,222,Carrie,303
837,Savion,221,Kaliyah,303
838,Sidney,221,Yvette,303
839,Devonte,220,Alysa,302
840,Ean,220,Paloma,302
841,Jordy,219,Katharine,301
842,Rashad,219,Moriah,301
843,Dangelo,218,Shayna,301
844,Houston,218,Kianna,300
845,Josef,218,Lacie,299
846,Lucian,217,Shaylee,299
847,Pranav,217,Breana,298
848,Antwan,216,Danika,298
849,Aydin,216,Jenifer,298
850,Gonzalo,216,Karma,298
851,Keyon,216,Micaela,297
852,Cael,215,Bria,296
853,Dario,215,Kenia,296
854,Marcelo,215,Yaritza,296
855,Simeon,215,Meadow,295
856,Tristian,215,Micah,295
857,Zain,215,Rayna,295
858,Blaze,214,Abigale,294
859,Jan,214,Aleena,294
860,Kadyn,214,Maliyah,294
861,Sammy,214,Selina,294
862,Domenic,213,Stacey,294
863,Elian,213,Jaelynn,293
864,Kamden,213,Kenna,293
865,Reuben,213,Lyla,293
866,Darwin,212,Siena,293
867,Haden,212,Susana,293
868,Luka,212,Nicolette,292
869,Matias,212,Sandy,292
870,Leandro,211,Yoselin,292
871,Paxton,211,Riya,291
872,Zaire,211,Savana,291
873,Dexter,210,Camilla,290
874,Giovani,210,Devyn,290
875,Jovan,209,Halie,290
876,Nikhil,209,Lizette,290
877,Gordon,208,Aryana,289
878,Teagan,208,Galilea,289
879,Bronson,207,Iyana,289
880,Franco,207,Sariah,289
881,Jamel,207,Abagail,287
882,Korey,207,Amina,286
883,Aedan,206,Hillary,285
884,Andreas,206,Kallie,285
885,Abdullah,205,Kya,285
886,Carmine,205,Phoenix,285
887,Matthias,205,Janiah,284
888,Finnegan,204,Kathy,284
889,Kason,203,Shirley,284
890,Soren,203,Anabelle,283
891,Travon,203,Keyla,283
892,Jacoby,202,Naima,283
893,Kanye,202,Isabell,281
894,Karter,202,Mina,281
895,Zakary,202,Nichole,281
896,Chaz,201,Nyasia,281
897,Denzel,201,Miya,280
898,Ronaldo,201,Tayler,280
899,Vincenzo,201,Charlize,279
900,Damari,200,Joana,279
901,Darrius,199,Adelaide,278
902,Rey,199,Graciela,278
903,Carmelo,198,Jaylyn,278
904,Messiah,198,Shyann,278
905,Stephan,198,Devin,277
906,Zavier,197,Jalyn,277
907,Broderick,196,Flor,276
908,Gaige,195,Mira,276
909,Tyshawn,195,Nya,275
910,Norman,194,Elissa,274
911,Royce,194,Jasmyn,274
912,Shannon,194,Mireya,273
913,Maximo,193,Taniyah,273
914,Yehuda,193,Anneliese,272
915,Gannon,192,Chanel,272
916,Jeramiah,192,Citlali,272
917,Thaddeus,192,Destiney,271
918,Ethen,191,Yuliana,271
919,Fredrick,191,Alani,270
920,Immanuel,191,Mandy,270
921,Maximillian,191,Zara,270
922,Perry,191,Angeline,269
923,Clifford,190,Candace,269
924,Fredy,190,Elliana,269
925,Keven,190,Elsie,269
926,Makhi,190,Estefania,269
927,Sullivan,190,Margarita,269
928,Cristofer,189,Unique,268
929,Kamren,188,Essence,267
930,Nash,188,Maleah,267
931,Zack,188,Livia,266
932,Brenton,187,Maren,266
933,Darin,187,Reina,266
934,Destin,187,Jailyn,265
935,Jordyn,187,Jalynn,265
936,Campbell,186,Areli,264
937,Dandre,186,Astrid,264
938,Deshaun,186,Nathaly,264
939,Dimitri,186,Zariah,264
940,Jarvis,186,Celine,263
941,Tayshaun,186,Cloe,263
942,Baby,185,Anais,262
943,Colt,185,Selah,262
944,Daryl,185,Kasandra,261
945,Jaidyn,185,Kinsley,261
946,Stone,185,Shreya,261
947,Austen,184,Delia,260
948,Darion,184,Fabiola,260
949,Leroy,184,Katarina,260
950,Marquez,184,Lacy,260
951,Rishi,184,Sky,260
952,Valentin,184,Chana,259
953,Earl,183,Karis,259
954,Guadalupe,183,Brylee,258
955,Jaydin,183,Jolette,258
956,Shea,183,Natalya,258
957,Yusuf,183,Tatianna,258
958,Bernardo,182,Armani,257
959,Elvin,182,Charlie,257
960,Hugh,182,Diya,257
961,Kurt,182,Ebony,257
962,Mariano,182,Jayleen,257
963,Gauge,181,Myla,256
964,Kelton,181,Anjali,255
965,Menachem,181,Devon,255
966,Branson,180,Marin,255
967,Camryn,180,Lucero,254
968,Carlton,180,Yuridia,254
969,Dion,180,Alia,252
970,Arnav,179,Jana,252
971,Dallin,179,Samira,252
972,Fidel,179,Addie,251
973,Keanu,179,Dania,251
974,Mikel,179,Drew,251
975,Rocky,179,Hayleigh,251
976,Efren,178,Nikki,251
977,Jaren,178,Roxana,251
978,Reilly,178,Valery,251
979,Shayne,178,Denisse,250
980,Dylon,177,Kinsey,250
981,Maxim,177,Lina,250
982,Rhys,177,Amaris,249
983,Ulysses,177,Katelin,249
984,Irving,176,Averie,248
985,Keyshawn,176,Celina,248
986,Markell,176,Finley,248
987,Cornelius,175,Belen,247
988,Cristobal,175,Felicia,247
989,Daquan,175,Maryjane,247
990,Geoffrey,174,Silvia,247
991,Jax,174,Zion,247
992,Van,174,Elyssa,246
993,Eliseo,173,Lilianna,246
994,Isaak,173,Brianne,245
995,Joan,173,Christiana,245
996,Kennedy,173,Iyanna,245
997,Adin,172,Kaci,245
998,Blaise,172,Leyla,245
999,Fisher,172,Azaria,244
1000,Jaheim,172,Estefani,244